"_id",buy_and_hold_gain,buy_and_hold_perf,duration,end_date,long,macd_min_len,macd_threshold,model_gain,model_perf,model_run_date,model_score,predict_action,predict_date,predict_macd_accum,predict_macd_len,predict_vol,run_id,short,signal,start_date,symbol
6393da11be0915624e51c0a0,1915.1680413489098,1.198463365129311,41.74520547945205,2022-11-30,7,0,0,9936.007755114008,1.2466731298887153,2022-12-09-19-56-09,1.0402263149313726,1.5363237857818604,2022-12-02,0.19172631677970006,2,0.0,11100,3,19,1981-03-13,AAPL
6393db59be0915624e51c146,1915.167487520433,1.1984633568272367,41.74520547945205,2022-11-30,7,0,0,21289.737860224723,1.2696401759714915,2022-12-09-20-00-48,1.0593900670711247,0.24732686579227448,2022-12-02,0.1917263168969962,2,0.0,11101,3,19,1981-03-13,AAPL
6393dc77be0915624e51c1d6,1915.1673029110118,1.198463354059879,41.74520547945205,2022-11-30,7,0,0,13188.309622916984,1.2551582913941377,2022-12-09-20-06-16,1.047306358715267,0.0,2022-12-02,0.19172631689749028,2,0.0,11102,3,19,1981-03-13,AAPL
6393dd94be0915624e51c268,1915.167856739382,1.1984633623619527,41.74520547945205,2022-11-30,7,0,0,128391.28882719645,1.3254830744329824,2022-12-09-20-10-59,1.1059854777877374,0.2429160326719284,2022-12-02,0.19172631677970006,2,0.6405869722366333,11103,3,19,1981-03-13,AAPL
6393de84be0915624e51c2e2,1915.167487520433,1.1984633568272367,41.74520547945205,2022-11-30,7,0,0,19483.880117247838,1.2669472057028093,2022-12-09-20-15-39,1.057143047791527,1.4683443307876587,2022-12-02,0.19172631689711506,2,0.0,11104,3,19,1981-03-13,AAPL
6393df74be0915624e51c35c,1915.167487520433,1.1984633568272367,41.74520547945205,2022-11-30,7,0,0,38387.46347130433,1.287696617679223,2022-12-09-20-19-24,1.0744563948022732,0.0,2022-12-02,0.1917263168974899,2,0.0,11105,3,19,1981-03-13,AAPL
6393e056be0915624e51c3cf,1915.1673029110118,1.198463354059879,41.74520547945205,2022-11-30,7,0,0,37566.10815144109,1.2870296201130365,2022-12-09-20-23-19,1.0738998533022581,0.0,2022-12-02,0.19172631677970126,2,0.772411048412323,11106,3,19,1981-03-13,AAPL
6393e124be0915624e51c439,1915.1676721298898,1.1984633595945946,41.74520547945205,2022-11-30,7,0,0,28587.792414547323,1.2786365771392618,2022-12-09-20-26-47,1.0668966780693132,0.32302507758140564,2022-12-02,0.19172631677973484,2,0.0,11107,3,19,1981-03-13,AAPL
6393e1edbe0915624e51c4a1,1915.1680413489098,1.198463365129311,41.74520547945205,2022-11-30,7,0,0,20490.574827526158,1.2684770634815665,2022-12-09-20-30-22,1.0584195565666716,0.07352012395858765,2022-12-02,0.1917263168969962,2,0.5473672151565552,11108,3,19,1981-03-13,AAPL
6393e2c1be0915624e51c50e,1915.1673029110118,1.198463354059879,41.74520547945205,2022-11-30,7,0,0,78008.16646653262,1.3097562082535068,2022-12-09-20-33-47,1.092862959736412,0.0,2022-12-02,0.19172631677936564,2,0.0,11109,3,19,1981-03-13,AAPL
6393e37ebe0915624e51c56f,1411.7821640405139,1.1908867640166616,41.515068493150686,2022-11-09,7,5,0,3757.486353501629,1.2193007467813617,2022-12-09-20-37-10,1.023859516809864,0.45782437920570374,2022-11-23,13.142315471808905,10,0.53049635887146,11200,3,19,1981-05-15,AAPL
6393e478be0915624e51c5ee,1411.7821640405139,1.1908867640166616,41.515068493150686,2022-11-09,7,5,0,1512.1127464589415,1.1928578064486997,2022-12-09-20-40-19,1.001655104827423,0.0,2022-11-23,13.142315471808905,10,0.8773927092552185,11201,3,19,1981-05-15,AAPL
6393e597be0915624e51c67f,1411.7820539347326,1.1908867617794494,41.515068493150686,2022-11-09,7,5,0,11887.146152473728,1.2536000473362146,2022-12-09-20-45-09,1.0526609981481847,0.2821997106075287,2022-11-23,13.142315473578861,10,0.0,11202,3,19,1981-05-15,AAPL
6393e6abbe0915624e51c70b,1411.7818337232213,1.1908867573050257,41.515068493150686,2022-11-09,7,5,0,1074.3422050078134,1.1830771619523694,2022-12-09-20-49-53,0.9934422015319665,0.9495888948440552,2022-11-23,13.142315471814433,10,1.0,11203,3,19,1981-05-15,AAPL
6393e77bbe0915624e51c777,1411.7820539347326,1.1908867617794494,41.515068493150686,2022-11-09,7,5,0,15451.97279731889,1.261544964771889,2022-12-09-20-53-56,1.0593324279521426,0.0,2022-11-23,13.142315473571458,10,0.0,11204,3,19,1981-05-15,AAPL
6393e84abe0915624e51c7e2,1411.7821640405139,1.1908867640166616,41.515068493150686,2022-11-09,7,5,0,20268.841841321726,1.2698176004438635,2022-12-09-20-57-22,1.0662790441645194,1.2158750295639038,2022-11-23,13.142315471808903,10,0.0,11205,3,19,1981-05-15,AAPL
6393e901be0915624e51c840,1411.781613511779,1.1908867528306029,41.515068493150686,2022-11-09,7,5,0,4696.009365867763,1.225866799465673,2022-12-09-21-00-57,1.0293731091994487,0.0,2022-11-23,13.142315473573237,10,0.0,11206,3,19,1981-05-15,AAPL
6393e9e8be0915624e51c8b6,1411.7821640405139,1.1908867640166616,41.515068493150686,2022-11-09,7,5,0,952.1834525622496,1.1796423304388246,2022-12-09-21-03-59,0.9905579321917128,0.0,2022-11-23,13.142315471813923,10,0.0,11207,3,19,1981-05-15,AAPL
6393eac7be0915624e51c928,1411.7826044638111,1.1908867729655117,41.515068493150686,2022-11-09,7,5,0,8234.402075123124,1.2425627594904116,2022-12-09-21-07-52,1.0433928629471783,0.0,2022-11-23,13.142315471814431,10,0.7374582290649414,11208,3,19,1981-05-15,AAPL
6393eb95be0915624e51c992,1411.7818337232213,1.1908867573050257,41.515068493150686,2022-11-09,7,5,0,8364.186417574438,1.2430309087745839,2022-12-09-21-11-36,1.0437859864925867,0.0,2022-11-23,13.142315471813912,10,0.0,11209,3,19,1981-05-15,AAPL
6393ec4abe0915624e51c9f0,1915.1676721298898,1.1984633595945946,41.74520547945205,2022-11-30,7,0,0.2,10620.744966912162,1.2486649624029798,2022-12-09-21-14-54,1.0418883083963175,0.6448120474815369,2022-12-02,0.19172631689699554,2,0.0,12100,3,19,1981-03-13,AAPL
6393ed12be0915624e51ca57,1915.167856739382,1.1984633623619527,41.74520547945205,2022-11-30,7,0,0.2,10625.437146989989,1.2486781743065203,2022-12-09-21-18-04,1.0418993300267463,0.7923297882080078,2022-12-02,0.19172631677936564,2,0.9882249236106873,12101,3,19,1981-03-13,AAPL
6393edd3be0915624e51cabb,1915.1676721298898,1.1984633595945946,41.74520547945205,2022-11-30,7,0,0.2,35072.7626782812,1.2849139947371766,2022-12-09-21-21-15,1.0721345666936581,0.0,2022-12-02,0.19172631677973534,2,0.0035662949085235596,12102,3,19,1981-03-13,AAPL
6393ee9bbe0915624e51cb22,1915.1676721298898,1.1984633595945946,41.74520547945205,2022-11-30,7,0,0.2,8837.502875804816,1.2431791566038046,2022-12-09-21-24-35,1.0373109420919937,1.050889015197754,2022-12-02,0.19172631677973484,2,0.0,12103,3,19,1981-03-13,AAPL
6393ef61be0915624e51cb88,1915.1684105680724,1.1984633706640286,41.74520547945205,2022-11-30,7,0,0.2,9882.985434270793,1.2465133484452608,2022-12-09-21-27-55,1.0400929882025591,1.6038416624069214,2022-12-02,0.1917263168974899,2,0.3793412744998932,12104,3,19,1981-03-13,AAPL
6393f023be0915624e51cbed,1915.167856739382,1.1984633623619527,41.74520547945205,2022-11-30,7,0,0.2,2880.2622058564393,1.2102362692133102,2022-12-09-21-31-12,1.0098233347977823,1.0092614889144897,2022-12-02,0.1917263168971147,2,0.0,12105,3,19,1981-03-13,AAPL
6393f0d6be0915624e51cc48,1915.1680413489098,1.198463365129311,41.74520547945205,2022-11-30,7,0,0.2,4793.587521722194,1.2250947030144872,2022-12-09-21-34-30,1.022221236510056,0.10587966442108154,2022-12-02,0.19172631677936564,2,0.25386813282966614,12106,3,19,1981-03-13,AAPL
6393f1b5be0915624e51ccba,1915.1673029110118,1.198463354059879,41.74520547945205,2022-11-30,7,0,0.2,2908.149265163196,1.2105156460296491,2022-12-09-21-37-42,1.0100564543162227,0.0,2022-12-02,0.19172631689699554,2,0.0,12107,3,19,1981-03-13,AAPL
6393f262be0915624e51cd15,1915.167487520433,1.1984633568272367,41.74520547945205,2022-11-30,7,0,0.2,53347.603402682675,1.2978882877856877,2022-12-09-21-40-58,1.082960342835733,0.0,2022-12-02,0.19172631689711434,2,0.0,12108,3,19,1981-03-13,AAPL
6393f316be0915624e51cd72,1915.1680413489098,1.198463365129311,41.74520547945205,2022-11-30,7,0,0.2,23670.550425815858,1.272868358849414,2022-12-09-21-43-46,1.0620836613658815,1.2405399084091187,2022-12-02,0.19172631677970006,2,0.918999195098877,12109,3,19,1981-03-13,AAPL
6393f3ccbe0915624e51cdd0,1411.7815034060834,1.1908867505933916,41.515068493150686,2022-11-09,7,5,0.2,29050.298706152447,1.2808750387329437,2022-12-09-21-47-06,1.0755641022076305,0.49588996171951294,2022-11-21,12.60584528682988,8,0.5585135221481323,12200,3,19,1981-05-15,AAPL
6393f45abe0915624e51ce1a,1411.7820539347326,1.1908867617794494,41.515068493150686,2022-11-09,7,5,0.2,22632.756324975282,1.2731962340665137,2022-12-09-21-49-54,1.0691161199609571,0.0,2022-11-21,12.60584528682943,8,0.7241464853286743,12201,3,19,1981-05-15,AAPL
6393f508be0915624e51ce73,1411.7821640405139,1.1908867640166616,41.515068493150686,2022-11-09,7,5,0.2,1566.6473966382346,1.193876257942639,2022-12-09-21-52-26,1.0025103091379521,0.11640429496765137,2022-11-21,12.605845288367817,8,1.0,12202,3,19,1981-05-15,AAPL
6393f5c2be0915624e51ced5,1411.7823842521282,1.1908867684910862,41.515068493150686,2022-11-09,7,5,0.2,659.8604377783618,1.1692676797005364,2022-12-09-21-55-22,0.9818462263898168,0.9247103929519653,2022-11-21,12.605845286829885,8,1.0,12203,3,19,1981-05-15,AAPL
6393f669be0915624e51cf2b,1411.7822741463124,1.1908867662538738,41.515068493150686,2022-11-09,7,5,0.2,7273.209478347485,1.23885325345375,2022-12-09-21-58-13,1.040277958038582,1.0807145833969116,2022-11-21,12.605845288367819,8,0.5692117214202881,12204,3,19,1981-05-15,AAPL
6393f718be0915624e51cf86,1411.7822741463124,1.1908867662538738,41.515068493150686,2022-11-09,7,5,0.2,2148.6109298840565,1.2029949800374433,2022-12-09-22-01-07,1.0101673930105528,0.28907087445259094,2022-11-21,12.60584528837274,8,0.498466432094574,12205,3,19,1981-05-15,AAPL
6393f7cabe0915624e51cfe2,1411.7819438289685,1.1908867595422374,41.515068493150686,2022-11-09,7,5,0.2,8050.485441513567,1.241886864640828,2022-12-09-22-04-10,1.042825318771866,0.0,2022-11-21,12.605845286829435,8,0.0,12206,3,19,1981-05-15,AAPL
6393f880be0915624e51d040,1411.7819438289685,1.1908867595422374,41.515068493150686,2022-11-09,7,5,0.2,1345.6739167084843,1.1895118544020302,2022-12-09-22-07-06,0.9988454778515333,0.0,2022-11-21,12.605845286825051,8,0.4086442291736603,12207,3,19,1981-05-15,AAPL
6393f8e4be0915624e51d075,1411.7819438289685,1.1908867595422374,41.515068493150686,2022-11-09,7,5,0.2,3603.9582840563817,1.2180761175925343,2022-12-09-22-09-39,1.022831186787859,0.0,2022-11-21,12.60584528682944,8,0.0,12208,3,19,1981-05-15,AAPL
6393f9a3be0915624e51d0d8,1411.7818337232213,1.1908867573050257,41.515068493150686,2022-11-09,7,5,0.2,1634.41058484265,1.1950946027929377,2022-12-09-22-11-37,1.003533371634289,1.1274597644805908,2022-11-21,12.605845286829435,8,0.0,12209,3,19,1981-05-15,AAPL
6393fa52be0915624e51d133,1915.1682259584734,1.1984633678966696,41.74520547945205,2022-11-30,7,0,0.5,2171.4000117066807,1.2020736890349462,2022-12-09-22-14-54,1.003012458482242,0.0,2022-12-02,0.19172631677936564,2,0.0,13100,3,19,1981-03-13,AAPL
6393fae9be0915624e51d182,1915.1680413489098,1.198463365129311,41.74520547945205,2022-11-30,7,0,0.5,22128.99803019523,1.2708166401747647,2022-12-09-22-17-42,1.0603717035919966,0.4271215796470642,2022-12-02,0.1917263168971147,2,0.0,13101,3,19,1981-03-13,AAPL
6393fb9abe0915624e51d1dc,1915.167856739382,1.1984633623619527,41.74520547945205,2022-11-30,7,0,0.5,42708.10249804293,1.2909908496573816,2022-12-09-22-20-26,1.07720510296875,0.67115318775177,2022-12-02,0.1917263168971147,2,0.9784648418426514,13102,3,19,1981-03-13,AAPL
6393fc39be0915624e51d22f,1915.168595177707,1.1984633734313879,41.74520547945205,2022-11-30,7,0,0.5,4310.700992167592,1.221982644990911,2022-12-09-22-23-06,1.019624522601958,0.0,2022-12-02,0.1917263167797012,2,0.6657043695449829,13103,3,19,1981-03-13,AAPL
6393fce7be0915624e51d28a,1915.167487520433,1.1984633568272367,41.74520547945205,2022-11-30,7,0,0.5,11607.476662820056,1.2513251446736313,2022-12-09-22-25-53,1.0441079717166646,0.0,2022-12-02,0.1917263168974899,2,0.0,13104,3,19,1981-03-13,AAPL
6393fd9dbe0915624e51d2e8,1915.166749082962,1.198463345757808,41.74520547945205,2022-11-30,7,0,0.5,12430.665554326031,1.2533806493863935,2022-12-09-22-29-12,1.0458230982390708,0.7742554545402527,2022-12-02,0.1917263167793658,2,0.5391554236412048,13105,3,19,1981-03-13,AAPL
6393fe58be0915624e51d349,1915.1669336922764,1.1984633485251648,41.74520547945205,2022-11-30,7,0,0.5,3343.5072462034236,1.214567694103056,2022-12-09-22-32-00,1.0134374952706808,0.9637247920036316,2022-12-02,0.1917263168969962,2,0.21224455535411835,13106,3,19,1981-03-13,AAPL
6393fef1be0915624e51d399,1915.1673029110118,1.198463354059879,41.74520547945205,2022-11-30,7,0,0.5,1458.9911776774625,1.190678184877069,2022-12-09-22-35-16,0.9935040406897405,0.0,2022-12-02,0.19172631677973465,2,0.38036027550697327,13107,3,19,1981-03-13,AAPL
6393ff9bbe0915624e51d3f1,1915.1673029110118,1.198463354059879,41.74520547945205,2022-11-30,7,0,0.5,34161.840973344,1.284104258688102,2022-12-09-22-37-34,1.071458926414486,0.6420897841453552,2022-12-02,0.19172631677936564,2,0.0,13108,3,19,1981-03-13,AAPL
6394004bbe0915624e51d44c,1915.167487520433,1.1984633568272367,41.74520547945205,2022-11-30,7,0,0.5,25739.827636803046,1.2754263409071789,2022-12-09-22-40-29,1.0642180535946388,0.3138262629508972,2022-12-02,0.19172631677936666,2,1.0,13109,3,19,1981-03-13,AAPL
639400e6be0915624e51d49c,1386.5731721394295,1.190274253362495,41.534246575342465,2022-11-09,7,5,0.5,957.0783928167311,1.179697974877755,2022-12-09-22-43-20,0.9911144188367829,0.9853781461715698,2022-11-21,12.605845288372734,8,0.4568173885345459,13200,3,19,1981-05-08,AAPL
63940186be0915624e51d4ef,1386.5731721394295,1.190274253362495,41.534246575342465,2022-11-09,7,5,0.5,331.5065327206049,1.1499651285936145,2022-12-09-22-45-55,0.9661345907004136,0.8728895783424377,2022-11-21,12.605845288366266,8,0.0,13201,3,19,1981-05-08,AAPL
63940220be0915624e51d540,1386.5732783482033,1.1902742555576151,41.534246575342465,2022-11-09,7,5,0.5,2252.3831156670035,1.204259133818952,2022-12-09-22-48-33,1.011749290716857,0.0,2022-11-21,12.605845288366254,8,1.0,13202,3,19,1981-05-08,AAPL
639402c7be0915624e51d596,1386.5732783482033,1.1902742555576151,41.534246575342465,2022-11-09,7,5,0.5,2339.6375555605223,1.2053616330784462,2022-12-09-22-51-09,1.012675547211397,0.24058055877685547,2022-11-21,12.605845288366266,8,0.16790024936199188,13203,3,19,1981-05-08,AAPL
6394035bbe0915624e51d5e5,1386.5738093923162,1.1902742665332182,41.534246575342465,2022-11-09,7,5,0.5,4334.526557621555,1.2233898935194554,2022-12-09-22-53-50,1.0278218457017385,0.0,2022-11-21,12.605845288367812,8,0.0,13204,3,19,1981-05-08,AAPL
639403f7be0915624e51d634,1386.5734907657998,1.190274259947856,41.534246575342465,2022-11-09,7,5,0.5,1164.0256533558688,1.1852711127125057,2022-12-09-22-56-25,0.99579664334204,0.0,2022-11-21,12.605845286825046,8,0.5186633467674255,13205,3,19,1981-05-08,AAPL
63940491be0915624e51d685,1386.5729597219308,1.1902742489722553,41.534246575342465,2022-11-09,7,5,0.5,6758.030893142772,1.2365415985763828,2022-12-09-22-59-00,1.0388711674171538,0.0,2022-11-21,12.605845286829881,8,0.0,13206,3,19,1981-05-08,AAPL
63940529be0915624e51d6d4,1386.5732783482033,1.1902742555576151,41.534246575342465,2022-11-09,7,5,0.5,1440.754268547288,1.191373248999104,2022-12-09-23-01-22,1.0009233111078035,0.0,2022-11-21,12.605845288366254,8,0.671373724937439,13207,3,19,1981-05-08,AAPL
639405ccbe0915624e51d728,1386.573065930672,1.1902742511673752,41.534246575342465,2022-11-09,7,5,0.5,6595.686409176377,1.2358178928209411,2022-12-09-23-04-07,1.0382631495295294,0.0,2022-11-21,12.605845288367812,8,1.0,13208,3,19,1981-05-08,AAPL
63940670be0915624e51d780,1386.5729597219308,1.1902742489722553,41.534246575342465,2022-11-09,7,5,0.5,1158.0588860657351,1.1851244645856949,2022-12-09-23-06-56,0.9956734471984023,0.0,2022-11-21,12.605845286825051,8,1.0,13209,3,19,1981-05-08,AAPL
6394071fbe0915624e51d7d9,1891.0741695800364,1.1980573285514435,41.75342465753425,2022-12-02,7,0,1,10970.612451459036,1.2495799829974332,2022-12-09-23-09-45,1.0430051661286401,0.0,2022-12-08,-3.7549783710078515,4,0.14570972323417664,14100,3,19,1981-03-12,AAPL
639407d2be0915624e51d837,1891.0739893183659,1.1980573258162985,41.75342465753425,2022-12-02,7,0,1,16127.325832265871,1.2611643061153854,2022-12-09-23-12-34,1.0526744246199478,0.0,2022-12-08,-3.754978371007127,4,0.0,14101,3,19,1981-03-12,AAPL
6394088fbe0915624e51d897,1891.0747103652536,1.1980573367568799,41.75342465753425,2022-12-02,7,0,1,7722.683541332949,1.2391176968171862,2022-12-09-23-15-43,1.0342724499074945,0.5141376256942749,2022-12-08,-3.7549783711798166,4,0.0,14102,3,19,1981-03-12,AAPL
6394093ebe0915624e51d8f3,1891.0745301034801,1.1980573340217342,41.75342465753425,2022-12-02,7,0,1,9120.300015517912,1.244064043889376,2022-12-09-23-18-48,1.0384010919687814,0.0,2022-12-08,-3.754978371007126,4,0.0,14103,3,19,1981-03-12,AAPL
639409fcbe0915624e51d953,1891.0741695800364,1.1980573285514435,41.75342465753425,2022-12-02,7,0,1,10266.931853487196,1.2475976002093603,2022-12-09-23-21-40,1.0413505017475377,0.3548327684402466,2022-12-08,-3.754978371007127,4,0.528560996055603,14104,3,19,1981-03-12,AAPL
63940a8bbe0915624e51d99f,1891.0748906270614,1.198057339492026,41.75342465753425,2022-12-02,7,0,1,10293.743067030298,1.2476755303282188,2022-12-09-23-24-55,1.0414155393073514,0.47542786598205566,2022-12-08,-3.754978371007127,4,0.0,14105,3,19,1981-03-12,AAPL
63940b4dbe0915624e51da03,1891.0745301034801,1.1980573340217342,41.75342465753425,2022-12-02,7,0,1,6519.3911242754475,1.2341011558915287,2022-12-09-23-27-21,1.0300852228405462,0.0,2022-12-08,-3.7549783710076765,4,0.0,14106,3,19,1981-03-12,AAPL
63940bfcbe0915624e51da5e,1891.0745301034801,1.1980573340217342,41.75342465753425,2022-12-02,7,0,1,3556.2813713488486,1.2163171294106507,2022-12-09-23-30-32,1.015241169909307,0.0,2022-12-08,-3.7549783710078515,4,0.0,14107,3,19,1981-03-12,AAPL
63940ca0be0915624e51dab3,1891.0748906270614,1.198057339492026,41.75342465753425,2022-12-02,7,0,1,6843.930537719399,1.2355379011162455,2022-12-09-23-33-13,1.0312844472369838,0.0,2022-12-08,-3.7549783710078515,4,0.0,14108,3,19,1981-03-12,AAPL
63940d5ebe0915624e51db15,1891.0745301034801,1.1980573340217342,41.75342465753425,2022-12-02,7,0,1,8212.44276825279,1.2409438373442179,2022-12-09-23-36-12,1.0357967036339728,1.3760501146316528,2022-12-08,-3.7549783711797664,4,0.9906240701675415,14109,3,19,1981-03-12,AAPL
63940e03be0915624e51db6a,1522.8839445317383,1.1928257873782333,41.56164383561644,2022-11-16,7,5,1,2824.587654719919,1.210687916904844,2022-12-09-23-39-13,1.01497463394539,0.0,2022-12-09,-4.546695780657646,5,0.0,14200,3,19,1981-05-05,AAPL
63940ea4be0915624e51dbbf,1522.8834800059085,1.1928257786238123,41.56164383561644,2022-11-16,7,5,1,2502.137779779023,1.2071620205517057,2022-12-09-23-41-54,1.0120187224193238,0.0,2022-12-09,-4.546695780657646,5,1.0,14201,3,19,1981-05-05,AAPL
63940f4bbe0915624e51dc14,1522.88406066324,1.192825789566839,41.56164383561644,2022-11-16,7,5,1,5593.353896275333,1.2307544551784813,2022-12-09-23-44-35,1.0317973219085208,0.0,2022-12-09,-4.546695780657644,5,0.0,14202,3,19,1981-05-05,AAPL
63940ff4be0915624e51dc6c,1522.8838284002543,1.1928257851896278,41.56164383561644,2022-11-16,7,5,1,8204.436065192098,1.2421514226106727,2022-12-09-23-47-30,1.0413519208198567,0.0,2022-12-09,-4.546695780451424,5,0.4324623644351959,14203,3,19,1981-05-05,AAPL
6394109abe0915624e51dcc3,1522.8838284002543,1.1928257851896278,41.56164383561644,2022-11-16,7,5,1,3882.4734836432963,1.2199899949606217,2022-12-09-23-50-16,1.0227729900780738,0.24054305255413055,2022-12-09,-4.546695780657644,5,1.0,14204,3,19,1981-05-05,AAPL
63941148be0915624e51dd1d,1522.8835961373393,1.1928257808124174,41.56164383561644,2022-11-16,7,5,1,2023.367640081363,1.2010090928195114,2022-12-09-23-53-02,1.0068604419343792,1.08829665184021,2022-12-09,-4.546695780452287,5,1.0,14205,3,19,1981-05-05,AAPL
639411e6be0915624e51dd6e,1522.8837122687878,1.1928257830010225,41.56164383561644,2022-11-16,7,5,1,3283.3592253116435,1.215080055359083,2022-12-09-23-55-53,1.018656766709109,0.0,2022-12-09,-4.546695780657002,5,0.0,14206,3,19,1981-05-05,AAPL
6394128ebe0915624e51ddc6,1522.8837122687878,1.1928257830010225,41.56164383561644,2022-11-16,7,5,1,476.77239826612276,1.1599570142176998,2022-12-09-23-58-37,0.9724446191122492,1.188071370124817,2022-12-09,-4.546695780657001,5,0.1108546257019043,14207,3,19,1981-05-05,AAPL
6394133cbe0915624e51de1f,1522.8839445317383,1.1928257873782333,41.56164383561644,2022-11-16,7,5,1,3992.3313360381353,1.2208093248975027,2022-12-10-00-01-23,1.0234598696770094,0.0,2022-12-09,-4.546695780657001,5,0.0,14208,3,19,1981-05-05,AAPL
639413dfbe0915624e51de73,1522.8834800059085,1.1928257786238123,41.56164383561644,2022-11-16,7,5,1,4159.9476703378405,1.2220179692446773,2022-12-10-00-04-14,1.0244731386125345,0.0,2022-12-09,-4.546695780452079,5,0.0,14209,3,19,1981-05-05,AAPL
63941470be0915624e51debf,1743.4381957481191,1.1963180362755133,41.63835616438356,2022-11-10,13,0,0,2892.5293100844383,1.210952609343889,2022-12-10-00-06-40,1.0122330121461158,0.0,2022-11-23,8.541974127593427,9,1.0,21100,6,9,1981-04-01,AAPL
63941531be0915624e51df24,1743.4383499430826,1.1963180388165835,41.63835616438356,2022-11-10,13,0,0,996.3131622833994,1.1803489783459507,2022-12-10-00-09-14,0.9866514923686768,0.40072837471961975,2022-11-23,8.541974127593427,9,0.10157102346420288,21101,6,9,1981-04-01,AAPL
639415ffbe0915624e51df8e,1743.4378873582746,1.1963180311933732,41.63835616438356,2022-11-10,13,0,0,12546.280789320012,1.2543861187156273,2022-12-10-00-12-26,1.048539005522076,1.2093220949172974,2022-11-23,8.54197412794616,9,0.0,21102,6,9,1981-04-01,AAPL
639416d3be0915624e51dffb,1743.4378873582746,1.1963180311933732,41.63835616438356,2022-11-10,13,0,0,1968.326964391822,1.1998089208126408,2022-12-10-00-15-52,1.0029180280897256,0.48939672112464905,2022-11-23,8.541974127946313,9,0.0,21103,6,9,1981-04-01,AAPL
639417acbe0915624e51e06c,1743.4386583330909,1.1963180438987249,41.63835616438356,2022-11-10,13,0,0,19876.825603984027,1.2683247543278426,2022-12-10-00-19-25,1.0601902736453364,0.3259619474411011,2022-11-23,8.541974127946313,9,0.9758117198944092,21104,6,9,1981-04-01,AAPL
6394187abe0915624e51e0d5,1743.4383499430826,1.1963180388165835,41.63835616438356,2022-11-10,13,0,0,5495.822314977455,1.2297641093407738,2022-12-10-00-23-00,1.0279575074846115,2.480534553527832,2022-11-23,8.54197412794616,9,0.21637171506881714,21105,6,9,1981-04-01,AAPL
6394194dbe0915624e51e141,1743.4380415531832,1.1963180337344432,41.63835616438356,2022-11-10,13,0,0,1509.4287083902502,1.1921842339493145,2022-12-10-00-26-30,0.9965445645149855,0.0,2022-11-23,8.54197412759337,9,0.6412405967712402,21106,6,9,1981-04-01,AAPL
63941a25be0915624e51e1b1,1743.4381957481191,1.1963180362755133,41.63835616438356,2022-11-10,13,0,0,19499.684874366914,1.26774138111658,2022-12-10-00-29-59,1.0597026398293121,0.2938104271888733,2022-11-23,8.54197412759337,9,0.0,21107,6,9,1981-04-01,AAPL
63941affbe0915624e51e221,1743.4380415531832,1.1963180337344432,41.63835616438356,2022-11-10,13,0,0,57682.338901147945,1.3011959985911716,2022-12-10-00-33-35,1.0876672940633854,0.9487748146057129,2022-11-23,8.54197412759337,9,0.0,21108,6,9,1981-04-01,AAPL
63941bb3be0915624e51e27f,1743.4383499430826,1.1963180388165835,41.63835616438356,2022-11-10,13,0,0,5081.3813478684215,1.2274506406741938,2022-12-10-00-37-18,1.0260236833747045,0.0,2022-11-23,8.541974127946313,9,0.5302066802978516,21109,6,9,1981-04-01,AAPL
63941c48be0915624e51e2cb,1342.1713867386975,1.189668960192921,41.46849315068493,2022-11-10,13,5,0,2632.4448631752534,1.209152047456542,2022-12-10-00-39-55,1.0163768980409993,0.012013502418994904,2022-11-23,8.54197412759337,9,0.9931631684303284,21200,6,9,1981-06-02,AAPL
63941d12be0915624e51e335,1342.1714781232981,1.1896689621462386,41.46849315068493,2022-11-10,13,5,0,3622.898709241074,1.2185000435064883,2022-12-10-00-42-36,1.0242345411014477,0.9619354009628296,2022-11-23,8.541974127593427,9,0.0,21201,6,9,1981-06-02,AAPL
63941dd3be0915624e51e399,1342.172117815851,1.189668975819467,41.46849315068493,2022-11-10,13,5,0,2939.361174904318,1.21237188577117,2022-12-10-00-45-56,1.0190833840447633,0.3351258635520935,2022-11-23,8.541974127593427,9,0.0,21202,6,9,1981-06-02,AAPL
63941e7cbe0915624e51e3f0,1342.1717522771746,1.189668968006193,41.46849315068493,2022-11-10,13,5,0,481.71542654536523,1.160632351143798,2022-12-10-00-49-06,0.9755926920485634,0.0,2022-11-23,8.541974127593425,9,0.0,21203,6,9,1981-06-02,AAPL
63941f45be0915624e51e457,1342.1712953541091,1.1896689582396032,41.46849315068493,2022-11-10,13,5,0,2813.8434672386625,1.211096671420885,2022-12-10-00-51-57,1.0180114922162795,0.0,2022-11-23,8.541974127946313,9,0.38475874066352844,21204,6,9,1981-06-02,AAPL
63942000be0915624e51e4b9,1342.1716608925367,1.1896689660528745,41.46849315068493,2022-11-10,13,5,0,1065.9102851563264,1.1830757577589122,2022-12-10-00-55-17,0.9944579471415166,0.18876412510871887,2022-11-23,8.541974127946313,9,0.05454385653138161,21205,6,9,1981-06-02,AAPL
639420d4be0915624e51e526,1342.1712039695335,1.1896689562862857,41.46849315068493,2022-11-10,13,5,0,2366.270742307523,1.2060478241559884,2022-12-10-00-58-26,1.0137675844890763,0.0,2022-11-23,8.541974127946158,9,0.0,21206,6,9,1981-06-02,AAPL
639421aabe0915624e51e593,1342.1711125849702,1.1896689543329684,41.46849315068493,2022-11-10,13,5,0,9045.382533252472,1.245684391520749,2022-12-10-01-02-04,1.0470848944857838,0.0,2022-11-23,8.541974127593425,9,0.0,21207,6,9,1981-06-02,AAPL
63942271be0915624e51e5fb,1342.1710212004193,1.189668952379651,41.46849315068493,2022-11-10,13,5,0,1987.6232475625861,1.2009870234694797,2022-12-10-01-05-21,1.0095136307181838,0.0,2022-11-23,8.541974127946158,9,0.0,21208,6,9,1981-06-02,AAPL
63942337be0915624e51e661,1342.171843661825,1.189668969959511,41.46849315068493,2022-11-10,13,5,0,439.8888734718034,1.1580929173408536,2022-12-10-01-08-49,0.9734581186733549,0.0,2022-11-23,8.541974127593427,9,1.0,21209,6,9,1981-06-02,AAPL
639423f0be0915624e51e6c1,1793.294794465059,1.1969443273327889,41.673972602739724,2022-11-23,13,0,0.2,6025.385226920042,1.2322639161878448,2022-12-10-01-12-14,1.0295081300345525,0.26502490043640137,2022-12-02,-3.3180807813430953,6,0.0,22100,6,9,1981-04-01,AAPL
639424a7be0915624e51e720,1793.294318651973,1.1969443197121077,41.673972602739724,2022-11-23,13,0,0.2,4752.161598933804,1.2252646907975748,2022-12-10-01-15-22,1.0236605584897038,0.0,2022-12-02,-3.3180807814146007,6,1.0,22101,6,9,1981-04-01,AAPL
63942550be0915624e51e779,1793.2941600476672,1.196944317171881,41.673972602739724,2022-11-23,13,0,0.2,10693.014707997427,1.2493423203958578,2022-12-10-01-18-16,1.0437764752062835,0.0,2022-12-02,-3.3180807813430953,6,0.07693016529083252,22102,6,9,1981-04-01,AAPL
63942607be0915624e51e7d7,1793.2952702783975,1.1969443349534723,41.673972602739724,2022-11-23,13,0,0.2,3131.9262779888854,1.2130669433951358,2022-12-10-01-21-17,1.01346980638184,0.5744165182113647,2022-12-02,-3.3180807813430953,6,1.0,22103,6,9,1981-04-01,AAPL
639426b8be0915624e51e830,1793.2938428391396,1.1969443120914283,41.673972602739724,2022-11-23,13,0,0.2,2342.201425207053,1.204638680659656,2022-12-10-01-24-17,1.0064283429817913,0.0,2022-12-02,-3.318080781343078,6,0.09032085537910461,22104,6,9,1981-04-01,AAPL
63942772be0915624e51e892,1793.2944772563071,1.1969443222523344,41.673972602739724,2022-11-23,13,0,0.2,5035.074058742465,1.2269661024574743,2022-12-10-01-27-19,1.0250820189769954,0.0,2022-12-02,-3.3180807813430953,6,0.16668188571929932,22105,6,9,1981-04-01,AAPL
63942836be0915624e51e8f7,1793.294794465059,1.1969443273327889,41.673972602739724,2022-11-23,13,0,0.2,3363.2135107988133,1.2151426596586323,2022-12-10-01-30-23,1.015203992291267,0.0,2022-12-02,-3.3180807813430953,6,0.0,22106,6,9,1981-04-01,AAPL
639428f4be0915624e51e95a,1793.2944772563071,1.1969443222523344,41.673972602739724,2022-11-23,13,0,0.2,1753.0065264728016,1.1962918847453132,2022-12-10-01-33-41,0.9994549140716976,0.0,2022-12-02,-3.3180807814145936,6,0.0,22107,6,9,1981-04-01,AAPL
639429a2be0915624e51e9b3,1793.294794465059,1.1969443273327889,41.673972602739724,2022-11-23,13,0,0.2,3457.951918973963,1.215952934859101,2022-12-10-01-36-42,1.0158809454142865,0.0,2022-12-02,-3.3180807813430953,6,0.0,22108,6,9,1981-04-01,AAPL
63942a58be0915624e51ea11,1793.2951116739232,1.1969443324132443,41.673972602739724,2022-11-23,13,0,0.2,4479.980974086367,1.2235318115532503,2022-12-10-01-39-39,1.0222127950482052,0.9890921115875244,2022-12-02,-3.3180807813430953,6,0.0,22109,6,9,1981-04-01,AAPL
63942b10be0915624e51ea70,1380.5535724644687,1.1903000233081547,41.50410958904109,2022-11-23,13,5,0.2,12357.239165552834,1.2548469338929673,2022-12-10-01-42-44,1.0542274294890963,0.44490763545036316,2022-12-02,-3.3180807814145936,6,0.0,22200,6,9,1981-06-02,AAPL
63942baebe0915624e51eac3,1380.5539484563824,1.1903000311188647,41.50410958904109,2022-11-23,13,5,0.2,1499.402091877229,1.192670753677913,2022-12-10-01-45-41,1.001991701669385,1.0700610876083374,2022-12-02,-3.318080781343078,6,0.0,22201,6,9,1981-06-02,AAPL
63942c59be0915624e51eb1c,1380.5531024748648,1.1903000135447699,41.50410958904109,2022-11-23,13,5,0.2,4474.855831063021,1.2245086826583291,2022-12-10-01-48-20,1.0287395351796091,0.0,2022-12-02,-3.3180807814145936,6,0.0,22202,6,9,1981-06-02,AAPL
63942d07be0915624e51eb76,1380.5537604603999,1.1903000272135094,41.50410958904109,2022-11-23,13,5,0.2,4895.783663519975,1.2271639116150046,2022-12-10-01-51-15,1.0309702457856726,0.757462203502655,2022-12-02,-3.3180807814145936,6,1.0,22203,6,9,1981-06-02,AAPL
63942db2be0915624e51ebcf,1380.553290470668,1.1903000174501235,41.50410958904109,2022-11-23,13,5,0.2,1811.6939906569696,1.1981199368506505,2022-12-10-01-54-09,1.0065697045164117,0.0,2022-12-02,-3.3180807814146007,6,0.5487385988235474,22204,6,9,1981-06-02,AAPL
63942e5abe0915624e51ec26,1380.5533844685888,1.1903000194028004,41.50410958904109,2022-11-23,13,5,0.2,2076.631363328628,1.2020663953027768,2022-12-10-01-56-53,1.0098852186072214,1.211046576499939,2022-12-02,-3.3180807814146007,6,1.0,22205,6,9,1981-06-02,AAPL
63942ef2be0915624e51ec75,1380.552726483412,1.1903000057340647,41.50410958904109,2022-11-23,13,5,0.2,3077.171941404213,1.213510468596415,2022-12-10-01-59-40,1.019499674662302,0.0,2022-12-02,-3.3180807813430953,6,0.0,22206,6,9,1981-06-02,AAPL
63942f90be0915624e51ecc7,1380.5537604603999,1.1903000272135094,41.50410958904109,2022-11-23,13,5,0.2,1868.0940917057035,1.199005237283653,2022-12-10-02-02-13,1.007313458683625,0.0,2022-12-02,-3.3180807814145945,6,0.0,22207,6,9,1981-06-02,AAPL
63943030be0915624e51ed1b,1380.5531024748648,1.1903000135447699,41.50410958904109,2022-11-23,13,5,0.2,2482.1071655980445,1.2072433018026973,2022-12-10-02-04-55,1.014234468676069,0.19011805951595306,2022-12-02,-3.3180807814145945,6,0.4748000502586365,22208,6,9,1981-06-02,AAPL
639430dabe0915624e51ed74,1380.553290470668,1.1903000174501235,41.50410958904109,2022-11-23,13,5,0.2,9388.36500295395,1.2465668717114469,2022-12-10-02-07-32,1.0472711530172527,0.0,2022-12-02,-3.3180807813430953,6,0.0,22209,6,9,1981-06-02,AAPL
6394316dbe0915624e51edc0,1756.971319154732,1.196384942979342,41.66849315068493,2022-11-21,13,0,0.5,6620.879177995359,1.235088153839941,2022-12-10-02-10-25,1.0323501320270856,0.0,2022-12-01,-3.139896945353467,5,0.6650804281234741,23100,6,9,1981-04-01,AAPL
63943216be0915624e51ee17,1756.9706975872919,1.1963849328218428,41.66849315068493,2022-11-21,13,0,0.5,949.9434156809461,1.1788583204659502,2022-12-10-02-13-01,0.9853503568332697,0.0,2022-12-01,-3.139896945353473,5,0.41059041023254395,23101,6,9,1981-04-01,AAPL
639432b9be0915624e51ee6c,1756.9699206286102,1.1963849201249739,41.66849315068493,2022-11-21,13,0,0.5,25604.267674939776,1.2758360195168315,2022-12-10-02-15-47,1.066409311965883,0.8125954866409302,2022-12-01,-3.139896945289805,5,0.0,23102,6,9,1981-04-01,AAPL
63943356be0915624e51eebd,1756.9702314120004,1.1963849252037206,41.66849315068493,2022-11-21,13,0,0.5,25625.495447716537,1.2758613943669312,2022-12-10-02-18-18,1.0664305170425625,0.19175583124160767,2022-12-01,-3.139896945289805,5,0.17566943168640137,23103,6,9,1981-04-01,AAPL
639433f9be0915624e51ef12,1756.9705421955007,1.1963849302824685,41.66849315068493,2022-11-21,13,0,0.5,4758.773920480011,1.225338313167529,2022-12-10-02-21-06,1.024200725161445,0.0,2022-12-01,-3.1398969453534673,5,0.0,23104,6,9,1981-04-01,AAPL
63943494be0915624e51ef63,1756.9708529791108,1.1963849353612173,41.66849315068493,2022-11-21,13,0,0.5,17242.570223407613,1.263787312757988,2022-12-10-02-23-41,1.0563383702055897,0.5946333408355713,2022-12-01,-3.1398969452898204,5,0.8891425132751465,23105,6,9,1981-04-01,AAPL
6394352bbe0915624e51efb2,1756.9703868037368,1.1963849277430945,41.66849315068493,2022-11-21,13,0,0.5,21972.411933985,1.2711608182483312,2022-12-10-02-26-21,1.062501531715463,0.5248706936836243,2022-12-01,-3.139896945353467,5,0.0,23106,6,9,1981-04-01,AAPL
639435cbbe0915624e51f004,1756.9705421955007,1.1963849302824685,41.66849315068493,2022-11-21,13,0,0.5,6651.304696416257,1.2352240603961027,2022-12-10-02-28-53,1.0324637406661952,0.0,2022-12-01,-3.139896945353467,5,0.0,23107,6,9,1981-04-01,AAPL
6394366cbe0915624e51f058,1756.9702314120004,1.1963849252037206,41.66849315068493,2022-11-21,13,0,0.5,7562.693164422482,1.2390366567880753,2022-12-10-02-31-32,1.035650509034199,0.0,2022-12-01,-3.1398969452898204,5,0.8485221266746521,23108,6,9,1981-04-01,AAPL
63943720be0915624e51f0b6,1756.9706975872919,1.1963849328218428,41.66849315068493,2022-11-21,13,0,0.5,4752.377326366639,1.2252987594802762,2022-12-10-02-34-18,1.0241676619833686,0.41909387707710266,2022-12-01,-3.1398969452898204,5,1.0,23109,6,9,1981-04-01,AAPL
639437b8be0915624e51f105,1352.5897311367783,1.1897405825042917,41.4986301369863,2022-11-21,13,5,0.5,1758.2438544401393,1.1972842196759075,2022-12-10-02-37-12,1.006340573132117,0.0,2022-12-01,-3.139896945289805,5,0.21715325117111206,23200,6,9,1981-06-02,AAPL
63943851be0915624e51f155,1352.5897311367783,1.1897405825042917,41.4986301369863,2022-11-21,13,5,0.5,1601.8857621563295,1.1946002083628533,2022-12-10-02-39-45,1.004084609645182,2.4389047622680664,2022-12-01,-3.1398969453534673,5,0.8356391191482544,23201,6,9,1981-06-02,AAPL
639438f5be0915624e51f1a9,1352.5890864792193,1.1897405688401734,41.4986301369863,2022-11-21,13,5,0.5,2091.2600828355035,1.2022989659563543,2022-12-10-02-42-20,1.0105555761021274,0.5367680788040161,2022-12-01,-3.1398969452898204,5,0.0,23202,6,9,1981-06-02,AAPL
6394398cbe0915624e51f1f8,1352.5890864792193,1.1897405688401734,41.4986301369863,2022-11-21,13,5,0.5,4062.184906310307,1.2216897643254574,2022-12-10-02-45-04,1.0268539178389369,0.0,2022-12-01,-3.1398969452898204,5,1.0,23203,6,9,1981-06-02,AAPL
63943a26be0915624e51f248,1352.5889943853324,1.189740566888157,41.4986301369863,2022-11-21,13,5,0.5,5039.973072663875,1.2280557494694186,2022-12-10-02-47-30,1.0322046533905096,0.0,2022-12-01,-3.1398969452898204,5,1.0,23204,6,9,1981-06-02,AAPL
63943abcbe0915624e51f297,1352.5897311367783,1.1897405825042917,41.4986301369863,2022-11-21,13,5,0.5,1311.7175377113272,1.1888612246017323,2022-12-10-02-49-59,0.9992608826533357,0.0,2022-12-01,-3.139896945289805,5,0.031130794435739517,23205,6,9,1981-06-02,AAPL
63943b47be0915624e51f2df,1352.5896390428036,1.1897405805522745,41.4986301369863,2022-11-21,13,5,0.5,1563.25592547986,1.1938977147570957,2022-12-10-02-52-31,1.0034941518115583,0.0,2022-12-01,-3.139896945353467,5,0.2953673005104065,23206,6,9,1981-06-02,AAPL
63943bdfbe0915624e51f32f,1352.588718103747,1.189740561032109,41.4986301369863,2022-11-21,13,5,0.5,3065.003498721509,1.2134256138445867,2022-12-10-02-54-57,1.0199077459307018,2.0222742557525635,2022-12-01,-3.139896945289805,5,0.11920416355133057,23207,6,9,1981-06-02,AAPL
63943c71be0915624e51f37a,1352.5896390428036,1.1897405805522745,41.4986301369863,2022-11-21,13,5,0.5,660.0163728337831,1.169346769140632,2022-12-10-02-57-25,0.9828586065357411,0.0,2022-12-01,-3.139896945353473,5,0.0,23208,6,9,1981-06-02,AAPL
63943d01be0915624e51f3c6,1352.5895469488416,1.1897405786002573,41.4986301369863,2022-11-21,13,5,0.5,592.398263729219,1.1663051032488712,2022-12-10-02-59-44,0.9803020290532931,0.3389953672885895,2022-12-01,-3.1398969453534673,5,0.0,23209,6,9,1981-06-02,AAPL
63943d8fbe0915624e51f411,1766.2302368920546,1.196606469006865,41.654794520547945,2022-11-16,13,0,1,2004.2443965190112,1.2002436103463654,2022-12-10-03-02-03,1.0030395467797522,0.0,2022-11-30,-2.795426598885163,4,0.0,24100,6,9,1981-04-01,AAPL
63943e20be0915624e51f45d,1766.2302368920546,1.196606469006865,41.654794520547945,2022-11-16,13,0,1,8402.61917047948,1.2422608440880514,2022-12-10-03-04-39,1.0381532076448472,0.0,2022-11-30,-2.795426598885163,4,0.13096997141838074,24101,6,9,1981-04-01,AAPL
63943ec8be0915624e51f4b2,1766.2288309960802,1.1966064461407497,41.654794520547945,2022-11-16,13,0,1,2933.660859367804,1.2112716591717705,2022-12-10-03-07-13,1.0122556694210687,0.0,2022-11-30,-2.7954265989396534,4,0.0,24102,6,9,1981-04-01,AAPL
63943f69be0915624e51f506,1766.2303931028566,1.1966064715475457,41.654794520547945,2022-11-16,13,0,1,3538.4460069298725,1.2167343718222985,2022-12-10-03-09-57,1.0168208185007739,0.4239974617958069,2022-11-30,-2.795426598885163,4,0.0,24103,6,9,1981-04-01,AAPL
6394400ebe0915624e51f55c,1766.229612049123,1.1966064588441447,41.654794520547945,2022-11-16,13,0,1,11443.983950706146,1.2515079584456328,2022-12-10-03-12-37,1.0458809988828908,0.0,2022-11-30,-2.7954265989396534,4,0.4340827465057373,24104,6,9,1981-04-01,AAPL
639440bcbe0915624e51f5b8,1766.2297682598146,1.1966064613848246,41.654794520547945,2022-11-16,13,0,1,2334.0684537701727,1.2046413460149175,2022-12-10-03-15-28,1.0067147260936515,0.0,2022-11-30,-2.7954265989396534,4,0.0,24105,6,9,1981-04-01,AAPL
6394415fbe0915624e51f60c,1766.229612049123,1.1966064588441447,41.654794520547945,2022-11-16,13,0,1,2273.018159227985,1.2038750943819254,2022-12-10-03-18-13,1.0060743743141767,0.0,2022-11-30,-2.7954265989396476,4,0.0,24106,6,9,1981-04-01,AAPL
63944205be0915624e51f662,1766.2300806812802,1.1966064664661846,41.654794520547945,2022-11-16,13,0,1,931.4214568318434,1.1783649594400714,2022-12-10-03-21-02,0.9847556339219994,0.25948044657707214,2022-11-30,-2.7954265989396534,4,0.09812820702791214,24107,6,9,1981-04-01,AAPL
639442a3be0915624e51f6b5,1766.2302368920546,1.196606469006865,41.654794520547945,2022-11-16,13,0,1,4886.052084235763,1.226196939460729,2022-12-10-03-23-42,1.0247286565970373,0.47508659958839417,2022-11-30,-2.7954265989396534,4,0.0,24108,6,9,1981-04-01,AAPL
63944341be0915624e51f706,1766.229612049123,1.1966064588441447,41.654794520547945,2022-11-16,13,0,1,1647.6338455161008,1.1946114175511624,2022-12-10-03-26-24,0.9983327506898889,0.0,2022-11-30,-2.7954265988851494,4,0.0,24109,6,9,1981-04-01,AAPL
639443d7be0915624e51f754,1314.751651669549,1.1889138333564608,41.5013698630137,2022-11-17,13,5,1,3289.227337102526,1.215476182046088,2022-12-10-03-28-59,1.0223416936908187,0.43006736040115356,2022-12-01,-3.139896945353467,5,0.0,24200,6,9,1981-05-28,AAPL
6394446bbe0915624e51f7a2,1314.7517371184942,1.1889138352183377,41.5013698630137,2022-11-17,13,5,1,4195.053663860824,1.2226214154269435,2022-12-10-03-31-31,1.0283515753708221,0.0,2022-12-01,-3.1398969452898204,5,0.6715812683105469,24201,6,9,1981-05-28,AAPL
639444ffbe0915624e51f7f0,1314.7521643633872,1.188913844527723,41.5013698630137,2022-11-17,13,5,1,1995.3172826479602,1.2009245855417545,2022-12-10-03-33-54,1.0101022803875268,0.0,2022-12-01,-3.139896945353467,5,0.0,24202,6,9,1981-05-28,AAPL
6394458dbe0915624e51f83a,1314.7519080164182,1.1889138389420915,41.5013698630137,2022-11-17,13,5,1,3464.85996711796,1.21700066537754,2022-12-10-03-36-23,1.0236239376778056,0.8167024850845337,2022-12-01,-3.1398969452898204,5,0.0,24203,6,9,1981-05-28,AAPL
6394461abe0915624e51f883,1314.751651669549,1.1889138333564608,41.5013698630137,2022-11-17,13,5,1,580.9572982998305,1.165745334785948,2022-12-10-03-38-46,0.9805128867033996,0.4201633930206299,2022-12-01,-3.1398969452898204,5,0.0,24204,6,9,1981-05-28,AAPL
63944695be0915624e51f8c4,1314.7519080164182,1.1889138389420915,41.5013698630137,2022-11-17,13,5,1,2187.537905570124,1.2035889753727786,2022-12-10-03-40-55,1.0123433136616067,0.1548427939414978,2022-12-01,-3.139896945353473,5,0.0,24205,6,9,1981-05-28,AAPL
63944705be0915624e51f8ff,1314.7513953227797,1.1889138277708315,41.5013698630137,2022-11-17,13,5,1,6235.9939865400465,1.2343561699438492,2022-12-10-03-42-55,1.038221729036679,0.0,2022-12-01,-3.1398969453534673,5,1.0,24206,6,9,1981-05-28,AAPL
6394477abe0915624e51f93c,1314.7511389761105,1.1889138221852034,41.5013698630137,2022-11-17,13,5,1,1003.4537370047849,1.181198400430629,2022-12-10-03-44-36,0.993510529013454,0.0,2022-12-01,-3.1398969453534673,5,1.0,24207,6,9,1981-05-28,AAPL
6394480dbe0915624e51f989,1314.7519080164182,1.1889138389420915,41.5013698630137,2022-11-17,13,5,1,8558.974804051748,1.243809939003548,2022-12-10-03-47-02,1.0461733207768056,0.0,2022-12-01,-3.1398969452898204,5,0.0,24208,6,9,1981-05-28,AAPL
639448a8be0915624e51f9db,1314.7512244249892,1.1889138240470793,41.5013698630137,2022-11-17,13,5,1,4096.068786027176,1.2219181637339882,2022-12-10-03-49-27,1.027760077323823,1.5029362440109253,2022-12-01,-3.1398969452898204,5,0.6443840861320496,24209,6,9,1981-05-28,AAPL
63944971be0915624e51fa43,1489.9890828428508,1.1924897973900204,41.50410958904109,2022-11-10,26,0,0,1971.4869487182652,1.2005624701099014,2022-12-10-03-51-52,1.0067695947902862,0.0,2022-11-28,7.552033470733436,11,0.0,31100,12,9,1981-05-20,AAPL
63944a2ebe0915624e51faa4,1489.9894207089071,1.192489803905179,41.50410958904109,2022-11-10,26,0,0,3391.2532831050066,1.2163554291028544,2022-12-10-03-55-08,1.0200132740083143,0.0,2022-11-28,7.5520334638475966,11,0.0,31101,12,9,1981-05-20,AAPL
63944ae2be0915624e51fb01,1489.9889702208661,1.1924897952183011,41.50410958904109,2022-11-10,26,0,0,15074.014402419123,1.260869809683377,2022-12-10-03-58-12,1.0573422219118933,1.1838445663452148,2022-11-28,7.552033463890416,11,0.0,31102,12,9,1981-05-20,AAPL
63944ba7be0915624e51fb67,1489.9893080868715,1.1924898017334593,41.50410958904109,2022-11-10,26,0,0,1091.894283985782,1.1835917299948955,2022-12-10-04-01-23,0.9925382408087439,0.0,2022-11-28,7.552033470539945,11,0.9209161400794983,31103,12,9,1981-05-20,AAPL
63944c5bbe0915624e51fbc4,1489.9894207089071,1.192489803905179,41.50410958904109,2022-11-10,26,0,0,3198.672542341692,1.2146432485770415,2022-12-10-04-04-39,1.018577470934606,0.9812102913856506,2022-11-28,7.552033463681577,11,0.07031548768281937,31104,12,9,1981-05-20,AAPL
63944cf4be0915624e51fc15,1489.9890828428508,1.1924897973900204,41.50410958904109,2022-11-10,26,0,0,1563.061491179876,1.19386620306648,2022-12-10-04-07-34,1.001154228471784,0.0,2022-11-28,7.5520334638884385,11,1.0,31105,12,9,1981-05-20,AAPL
63944dbabe0915624e51fc7a,1489.9887449769478,1.1924897908748633,41.50410958904109,2022-11-10,26,0,0,2495.172052285259,1.207396014731463,2022-12-10-04-10-11,1.012500085091432,0.16525475680828094,2022-11-28,7.552033470410945,11,0.5741677284240723,31106,12,9,1981-05-20,AAPL
63944e6bbe0915624e51fcd6,1489.9889702208661,1.1924897952183011,41.50410958904109,2022-11-10,26,0,0,4052.8736337595237,1.221589923781854,2022-12-10-04-13-22,1.0244028323598573,0.0,2022-11-28,7.552033470540502,11,0.28879597783088684,31107,12,9,1981-05-20,AAPL
63944f38be0915624e51fd41,1489.9889702208661,1.1924897952183011,41.50410958904109,2022-11-10,26,0,0,40447.9024725135,1.2912149641173158,2022-12-10-04-16-29,1.0827891100577023,0.0,2022-11-28,7.552033463681722,11,0.6359471082687378,31108,12,9,1981-05-20,AAPL
63944ffebe0915624e51fda6,1489.9891954648526,1.1924897995617398,41.50410958904109,2022-11-10,26,0,0,15370.104532520607,1.261460888140491,2022-12-10-04-19-50,1.0578378855769661,0.7390584945678711,2022-11-28,7.552033463850594,11,0.128513902425766,31109,12,9,1981-05-20,AAPL
639450bcbe0915624e51fe09,1818.4193755079336,1.1994502271771712,41.271232876712325,2022-11-10,26,5,0,6971.642864717229,1.2391498439876636,2022-12-10-04-23-08,1.0330981777409163,0.0,2022-11-28,7.552033470410957,11,0.1815168559551239,31200,12,9,1981-08-13,AAPL
6394517bbe0915624e51fe6b,1818.4202142247325,1.1994502405818368,41.271232876712325,2022-11-10,26,5,0,11065.670541060894,1.2530990110897264,2022-12-10-04-26-19,1.0447278000310087,0.0,2022-11-28,7.5520334705416845,11,0.43240290880203247,31201,12,9,1981-08-13,AAPL
6394523ebe0915624e51fed0,1818.4198787379203,1.1994502352199699,41.271232876712325,2022-11-10,26,5,0,1011.8348759517186,1.182534072733527,2022-12-10-04-29-27,0.9858967366967579,1.1360448598861694,2022-11-28,7.552033470540502,11,0.0,31202,12,9,1981-08-13,AAPL
639452ffbe0915624e51ff34,1818.4195432512315,1.1994502298581038,41.271232876712325,2022-11-10,26,5,0,545.4398462056017,1.1649606221583206,2022-12-10-04-32-45,0.9712454866060901,0.0,2022-11-28,7.552033470410059,11,0.5814656019210815,31203,12,9,1981-08-13,AAPL
639453ccbe0915624e51ff9e,1818.4203819681852,1.1994502432627707,41.271232876712325,2022-11-10,26,5,0,8354.528602307282,1.2445947978788943,2022-12-10-04-35-57,1.0376377051650933,0.0,2022-11-28,7.552033463681577,11,0.0,31204,12,9,1981-08-13,AAPL
63945492be0915624e520003,1818.4193755079336,1.1994502271771712,41.271232876712325,2022-11-10,26,5,0,5974.777894075365,1.2345255877319976,2022-12-10-04-39-26,1.0292428645725251,0.4391627311706543,2022-11-28,7.552033470540622,11,0.1736295074224472,31205,12,9,1981-08-13,AAPL
63945557be0915624e52006a,1818.4195432512315,1.1994502298581038,41.271232876712325,2022-11-10,26,5,0,1569.7016773094645,1.1951832446906911,2022-12-10-04-42-39,0.9964425492103016,0.4759404957294464,2022-11-28,7.552033470540622,11,0.9184505939483643,31206,12,9,1981-08-13,AAPL
63945614be0915624e5200cc,1818.4197109945603,1.1994502325390368,41.271232876712325,2022-11-10,26,5,0,1346.810005054295,1.1907564507127197,2022-12-10-04-46-00,0.9927518611523266,1.2840979099273682,2022-11-28,7.5520334638884385,11,0.0,31207,12,9,1981-08-13,AAPL
639456cdbe0915624e52012c,1818.4193755079336,1.1994502271771712,41.271232876712325,2022-11-10,26,5,0,2723.6287482806824,1.2112491064124238,2022-12-10-04-49-05,1.0098369060823977,0.0,2022-11-28,7.552033470410059,11,0.5588862299919128,31208,12,9,1981-08-13,AAPL
6394578ebe0915624e52018f,1818.4203819681852,1.1994502432627707,41.271232876712325,2022-11-10,26,5,0,3411.8025667045717,1.217878688372584,2022-12-10-04-52-07,1.0153640763452463,0.4164481461048126,2022-11-28,7.552033470413326,11,0.8743495345115662,31209,12,9,1981-08-13,AAPL
63945827be0915624e5201df,1463.1048002029931,1.19171837508943,41.553424657534244,2022-11-28,26,0,0.2,7651.155078264263,1.2401192925651396,2022-12-10-04-55-25,1.0406143921982218,0.0,2022-12-02,-0.6870968585967763,4,0.0,32100,12,9,1981-05-20,AAPL
639458cabe0915624e520233,1463.1051319727892,1.191718381592646,41.553424657534244,2022-11-28,26,0,0.2,938.0827691441322,1.1790390458156323,2022-12-10-04-57-59,0.9893604596749874,0.0,2022-12-02,-0.6870968572511748,4,1.0,32101,12,9,1981-05-20,AAPL
6394595ebe0915624e520281,1463.1049107929084,1.1917183772571684,41.553424657534244,2022-11-28,26,0,0.2,2868.311834582664,1.211181362516697,2022-12-10-05-00-39,1.0163318663460776,0.2884432375431061,2022-12-02,-0.6870968586053458,4,0.0,32102,12,9,1981-05-20,AAPL
639459f1be0915624e5202ce,1463.1051319727892,1.191718381592646,41.553424657534244,2022-11-28,26,0,0.2,7682.1858908257345,1.240240091953752,2022-12-10-05-03-12,1.040715752236917,1.6225026845932007,2022-12-02,-0.6870968586052527,4,1.0,32103,12,9,1981-05-20,AAPL
63945a95be0915624e520323,1463.1049107929084,1.1917183772571684,41.553424657534244,2022-11-28,26,0,0.2,13812.214647495348,1.257873924065883,2022-12-10-05-05-39,1.0555127352831266,0.6537340879440308,2022-12-02,-0.6870968586372017,4,0.825191855430603,32104,12,9,1981-05-20,AAPL
63945b33be0915624e520375,1463.1052425627545,1.1917183837603849,41.553424657534244,2022-11-28,26,0,0.2,1857.3069126936591,1.1985799543123625,2022-12-10-05-08-12,1.0057577114236724,0.6709054708480835,2022-12-02,-0.6870968585967763,4,0.0,32105,12,9,1981-05-20,AAPL
63945bd8be0915624e5203cb,1463.1049107929084,1.1917183772571684,41.553424657534244,2022-11-28,26,0,0.2,5821.631867464341,1.2319904095813463,2022-12-10-05-11-02,1.0337932460325627,0.7940523624420166,2022-12-02,-0.687096857276915,4,0.0,32106,12,9,1981-05-20,AAPL
63945c82be0915624e520424,1463.1050213828405,1.191718379424907,41.553424657534244,2022-11-28,26,0,0.2,1560.88012338808,1.193575050352525,2022-12-10-05-13-46,1.0015579779247124,0.0,2022-12-02,-0.6870968572769156,4,0.464689165353775,32107,12,9,1981-05-20,AAPL
63945d1ebe0915624e520474,1463.1051319727892,1.191718381592646,41.553424657534244,2022-11-28,26,0,0.2,8261.494916661839,1.2424119020454987,2022-12-10-05-16-35,1.0425381711282362,0.009724345058202744,2022-12-02,-0.6870968586372017,4,1.0,32108,12,9,1981-05-20,AAPL
63945dc8be0915624e5204cd,1463.1042472536676,1.19171836425074,41.553424657534244,2022-11-28,26,0,0.2,477.1673796227807,1.1600141765934093,2022-12-10-05-19-13,0.9733962414204602,0.0,2022-12-02,-0.6870968586381678,4,0.0,32109,12,9,1981-05-20,AAPL
63945e67be0915624e52051f,1818.4195432512315,1.1994502298581038,41.271232876712325,2022-11-10,26,5,0.2,2646.435913336351,1.2104055926963604,2022-12-10-05-22-03,1.0091336535402162,0.0,2022-11-28,7.552033470733436,11,0.0,32200,12,9,1981-08-13,AAPL
63945f00be0915624e52056e,1818.4205497116689,1.1994502459437049,41.271232876712325,2022-11-10,26,5,0.2,501.3593118252203,1.1625843790022545,2022-12-10-05-24-38,0.9692643633480229,0.0,2022-11-28,7.5520334707342425,11,1.0,32201,12,9,1981-08-13,AAPL
63945f9bbe0915624e5205c0,1818.4195432512315,1.1994502298581038,41.271232876712325,2022-11-10,26,5,0.2,2060.9630033429207,1.203094558290862,2022-12-10-05-27-08,1.0030383323476368,0.0,2022-11-28,7.552033463683411,11,0.7146292328834534,32202,12,9,1981-08-13,AAPL
63946035be0915624e520610,1818.4193755079336,1.1994502271771712,41.271232876712325,2022-11-10,26,5,0.2,8237.193877456222,1.2441683377411554,2022-12-10-05-29-46,1.037282172741111,0.0,2022-11-28,7.552033470410945,11,0.0,32203,12,9,1981-08-13,AAPL
639460d3be0915624e520662,1818.4195432512315,1.1994502298581038,41.271232876712325,2022-11-10,26,5,0.2,9118.194557948214,1.2472353237302054,2022-12-10-05-32-17,1.0398391635455808,0.8448695540428162,2022-11-28,7.5520334705416845,11,0.0,32204,12,9,1981-08-13,AAPL
63946160be0915624e5206aa,1818.4198787379203,1.1994502352199699,41.271232876712325,2022-11-10,26,5,0.2,1566.680070961175,1.1951274470273554,2022-12-10-05-34-56,0.9963960253908978,0.1346573382616043,2022-11-28,7.552033463849507,11,0.0,32205,12,9,1981-08-13,AAPL
639461f4be0915624e5206f9,1818.4193755079336,1.1994502271771712,41.271232876712325,2022-11-10,26,5,0.2,1706.8006293239996,1.19761060922936,2022-12-10-05-37-17,0.9984662823799361,0.282654345035553,2022-11-28,7.552033470410957,11,0.0,32206,12,9,1981-08-13,AAPL
63946295be0915624e52074d,1818.4192077646667,1.199450224496239,41.271232876712325,2022-11-10,26,5,0.2,10950.496583816423,1.2527813753009631,2022-12-10-05-39-48,1.0444629962257272,0.5202775001525879,2022-11-28,7.552033463847008,11,0.4270157217979431,32207,12,9,1981-08-13,AAPL
63946332be0915624e52079e,1818.4198787379203,1.1994502352199699,41.271232876712325,2022-11-10,26,5,0.2,2595.239031702201,1.2098327993952689,2022-12-10-05-42-29,1.0086561024963199,0.0,2022-11-28,7.552033463890932,11,1.0,32208,12,9,1981-08-13,AAPL
639463c7be0915624e5207eb,1818.4197109945603,1.1994502325390368,41.271232876712325,2022-11-10,26,5,0.2,1734.5184635439107,1.198078157752037,2022-12-10-05-45-03,0.9988560802692952,0.0,2022-11-28,7.552033470410059,11,0.0,32209,12,9,1981-08-13,AAPL
63946455be0915624e520836,1463.1057955128324,1.1917183945990824,41.553424657534244,2022-11-28,26,0,0.5,14286.354910659089,1.2588960408653456,2022-12-10-05-47-29,1.0563704030840801,0.0,2022-12-01,-0.6505849502327874,3,0.5829946994781494,33100,12,9,1981-05-20,AAPL
639464efbe0915624e520886,1463.1057955128324,1.1917183945990824,41.553424657534244,2022-11-28,26,0,0.5,4955.97181434543,1.2272266349057805,2022-12-10-05-49-55,1.0297958313538023,0.20832937955856323,2022-12-01,-0.6505849502830194,3,0.0,33101,12,9,1981-05-20,AAPL
63946582be0915624e5208d4,1463.1052425627545,1.1917183837603849,41.553424657534244,2022-11-28,26,0,0.5,466.05484729460215,1.1593565453426689,2022-12-10-05-52-20,0.9728443910417824,0.6157697439193726,2022-12-01,-0.6505849513160489,3,0.0,33102,12,9,1981-05-20,AAPL
63946611be0915624e52091e,1463.1051319727892,1.191718381592646,41.553424657534244,2022-11-28,26,0,0.5,475.85555836079476,1.159937326629084,2022-12-10-05-54-59,0.9733317405735666,0.023516349494457245,2022-12-01,-0.6505849513093696,3,0.0,33103,12,9,1981-05-20,AAPL
639466a3be0915624e52096a,1463.1049107929084,1.1917183772571684,41.553424657534244,2022-11-28,26,0,0.5,1634.1561715335665,1.1948935349834984,2022-12-10-05-57-16,1.0026643524065122,0.452908992767334,2022-12-01,-0.650584950282571,3,0.31341612339019775,33104,12,9,1981-05-20,AAPL
6394673cbe0915624e5209bc,1463.1052425627545,1.1917183837603849,41.553424657534244,2022-11-28,26,0,0.5,1749.432359352867,1.196855263120281,2022-12-10-05-59-45,1.0043104809239303,0.24998600780963898,2022-12-01,-0.650584950282571,3,0.0,33105,12,9,1981-05-20,AAPL
639467cebe0915624e520a07,1463.1052425627545,1.1917183837603849,41.553424657534244,2022-11-28,26,0,0.5,1014.0511396278715,1.181250617085218,2022-12-10-06-02-19,0.9912162413387158,0.0,2022-12-01,-0.6505849502629392,3,0.0,33106,12,9,1981-05-20,AAPL
6394685cbe0915624e520a51,1463.1052425627545,1.1917183837603849,41.553424657534244,2022-11-28,26,0,0.5,4213.512988838879,1.2224427649850438,2022-12-10-06-04-46,1.0257815786374884,1.7352256774902344,2022-12-01,-0.6505849513408198,3,0.34394755959510803,33107,12,9,1981-05-20,AAPL
639468dabe0915624e520a92,1463.1045790232129,1.1917183707539536,41.553424657534244,2022-11-28,26,0,0.5,725.6236679943639,1.171774869961195,2022-12-10-06-06-54,0.9832649212412987,0.5353525280952454,2022-12-01,-0.6505849513097209,3,1.0,33108,12,9,1981-05-20,AAPL
6394696ebe0915624e520ae0,1463.1050213828405,1.191718379424907,41.553424657534244,2022-11-28,26,0,0.5,493.61071032355375,1.1609603590548367,2022-12-10-06-09-14,0.9741901938401644,0.0,2022-12-01,-0.6505849502830072,3,0.23038630187511444,33109,12,9,1981-05-20,AAPL
639469f7be0915624e520b29,1729.8127011588754,1.1977267013279338,41.323287671232876,2022-11-28,26,5,0.5,1337.2298810868733,1.1902889571254864,2022-12-10-06-11-34,0.9937901157299065,0.0,2022-12-05,-0.7704612622830274,5,0.0,33200,12,9,1981-08-12,AAPL
63946a57be0915624e520b5b,1729.8134740760963,1.197726714278736,41.323287671232876,2022-11-28,26,5,0.5,2138.5735450850098,1.2038908304950642,2022-12-10-06-13-53,1.0051465130925465,2.015547513961792,2022-12-05,-0.7704612606602363,5,0.0,33201,12,9,1981-08-12,AAPL
63946adbbe0915624e520ba1,1729.8130103256808,1.197726706508254,41.323287671232876,2022-11-28,26,5,0.5,3095.578157423343,1.214713786489995,2022-12-10-06-15-32,1.014182767979904,0.0,2022-12-05,-0.7704612623328331,5,0.0,33202,12,9,1981-08-12,AAPL
63946b6dbe0915624e520bed,1729.8136286596234,1.1977267168688972,41.323287671232876,2022-11-28,26,5,0.5,702.3691358524505,1.1718857143165802,2022-12-10-06-17-47,0.9784249593931822,0.0,2022-12-05,-0.7704612622830274,5,0.0,33203,12,9,1981-08-12,AAPL
63946c02be0915624e520c3b,1729.8130103256808,1.197726706508254,41.323287671232876,2022-11-28,26,5,0.5,1904.9504433659777,1.200525294832613,2022-12-10-06-20-16,1.0023365833868043,0.0,2022-12-05,-0.7704612606134422,5,0.0,33204,12,9,1981-08-12,AAPL
63946c7cbe0915624e520c7a,1729.8130103256808,1.197726706508254,41.323287671232876,2022-11-28,26,5,0.5,614.3682258282943,1.1680955939150433,2022-12-10-06-22-44,0.9752605394601289,0.0,2022-12-05,-0.7704612622834668,5,0.0,33205,12,9,1981-08-12,AAPL
63946d0abe0915624e520cc4,1729.8128557422642,1.1977267039180937,41.323287671232876,2022-11-28,26,5,0.5,1959.4251914418342,1.2013447010942186,2022-12-10-06-24-43,1.0030207201394856,0.7194492816925049,2022-12-05,-0.7704612606912653,5,0.0032985061407089233,33206,12,9,1981-08-12,AAPL
63946d95be0915624e520d0e,1729.8127011588754,1.1977267013279338,41.323287671232876,2022-11-28,26,5,0.5,2256.029005614095,1.2054495223994177,2022-12-10-06-27-04,1.0064478992268617,0.7079342603683472,2022-12-05,-0.7704612622933937,5,0.38814887404441833,33207,12,9,1981-08-12,AAPL
63946e24be0915624e520d59,1729.8136286596234,1.1977267168688972,41.323287671232876,2022-11-28,26,5,0.5,826.2660920158125,1.176501916701404,2022-12-10-06-29-25,0.9822790960003136,0.32544463872909546,2022-12-05,-0.7704612606132233,5,1.0,33208,12,9,1981-08-12,AAPL
63946eafbe0915624e520da3,1729.8123919921802,1.1977266961476145,41.323287671232876,2022-11-28,26,5,0.5,1929.2859875457293,1.2008941375009354,2022-12-10-06-31-51,1.002644544338461,0.0,2022-12-05,-0.7704612606913586,5,0.0,33209,12,9,1981-08-12,AAPL
63946f37be0915624e520de8,1521.662812944053,1.1927750434721918,41.56712328767123,2022-11-21,26,0,1,11268.399973964179,1.2516346340317537,2022-12-10-06-33-59,1.0493467656635576,0.0,2022-11-30,-0.5673852900160372,2,1.0,34100,12,9,1981-05-08,AAPL
63946fd2be0915624e520e3b,1521.6631626131755,1.1927750500661682,41.56712328767123,2022-11-21,26,0,1,814.4117004182483,1.174972101382348,2022-12-10-06-36-25,0.9850743451727695,0.0,2022-11-30,-0.5673852892839895,2,0.10266458988189697,34101,12,9,1981-05-08,AAPL
63947076be0915624e520e90,1521.6629295004093,1.1927750456701838,41.56712328767123,2022-11-21,26,0,1,1181.3284086594495,1.1855325374839993,2022-12-10-06-39-03,0.9939280183531044,0.0,2022-11-30,-0.5673852899981009,2,0.0,34102,12,9,1981-05-08,AAPL
63947105be0915624e520eda,1521.663395726013,1.1927750544621532,41.56712328767123,2022-11-21,26,0,1,1553.4897344160447,1.1933691853818074,2022-12-10-06-41-47,1.0004981081029751,0.0,2022-11-30,-0.5673852892836919,2,1.0,34103,12,9,1981-05-08,AAPL
6394719dbe0915624e520f29,1521.6635122824587,1.1927750566601458,41.56712328767123,2022-11-21,26,0,1,1285.723210775981,1.1879502018846486,2022-12-10-06-44-05,0.9959549332050863,0.11560860276222229,2022-11-30,-0.5673852892837326,2,0.0,34104,12,9,1981-05-08,AAPL
63947227be0915624e520f72,1521.6632791695854,1.1927750522641605,41.56712328767123,2022-11-21,26,0,1,2785.3937096395493,1.2102504996164154,2022-12-10-06-46-35,1.0146510838896927,0.0,2022-11-30,-0.5673852900160372,2,1.0,34105,12,9,1981-05-08,AAPL
639472b3be0915624e520fba,1521.6635122824587,1.1927750566601458,41.56712328767123,2022-11-21,26,0,1,1482.9785888369504,1.1920363414390596,2022-12-10-06-48-52,0.99938067516003,1.6118314266204834,2022-11-30,-0.5673852899936944,2,1.0,34106,12,9,1981-05-08,AAPL
6394734cbe0915624e52100b,1521.662812944053,1.1927750434721918,41.56712328767123,2022-11-21,26,0,1,5705.288490633461,1.2313075772092184,2022-12-10-06-51-17,1.0323049463081133,0.0,2022-11-30,-0.5673852899938745,2,1.0,34107,12,9,1981-05-08,AAPL
639473e6be0915624e52105b,1521.662812944053,1.1927750434721918,41.56712328767123,2022-11-21,26,0,1,1846.2322081022369,1.1983359801829736,2022-12-10-06-53-50,1.0046621839895258,0.0,2022-11-30,-0.5673852899981009,2,1.0,34108,12,9,1981-05-08,AAPL
6394747bbe0915624e5210aa,1521.6632791695854,1.1927750522641605,41.56712328767123,2022-11-21,26,0,1,2566.044650839009,1.207864691472435,2022-12-10-06-56-24,1.012650867554306,0.39444878697395325,2022-11-30,-0.567385290015523,2,0.0,34109,12,9,1981-05-08,AAPL
639474ffbe0915624e5210ef,1687.3923216107992,1.1970215440117755,41.320547945205476,2022-11-21,26,5,1,2642.3982387569836,1.210085056164307,2022-12-10-06-58-55,1.0109133475649483,0.6916554570198059,2022-12-05,-0.770461260691266,5,0.8906826376914978,34200,12,9,1981-08-06,AAPL
63947587be0915624e521135,1687.3923216107992,1.1970215440117755,41.320547945205476,2022-11-21,26,5,1,1951.219851598115,1.2012373120112052,2022-12-10-07-01-07,1.0035218814736622,0.7846454977989197,2022-12-05,-0.7704612622830274,5,1.0,34201,12,9,1981-08-06,AAPL
63947611be0915624e52117e,1687.3920349547352,1.1970215390904624,41.320547945205476,2022-11-21,26,5,1,813.9147348277997,1.1760858374582865,2022-12-10-07-03-17,0.9825101713306817,1.6351553201675415,2022-12-05,-0.7704612606134422,5,0.536029040813446,34202,12,9,1981-08-06,AAPL
63947693be0915624e5211c0,1687.3923216107992,1.1970215440117755,41.320547945205476,2022-11-21,26,5,1,1476.2172391497913,1.1931545853461127,2022-12-10-07-05-33,0.9967695162338492,0.0,2022-12-05,-0.770461262333173,5,0.03595002368092537,34203,12,9,1981-08-06,AAPL
63947726be0915624e52120e,1687.3920349547352,1.1970215390904624,41.320547945205476,2022-11-21,26,5,1,6637.108471286273,1.2373593460672037,2022-12-10-07-07-49,1.0336984804863172,0.0,2022-12-05,-0.7704612623328306,5,0.0,34204,12,9,1981-08-06,AAPL
639477b5be0915624e521258,1687.3921782827551,1.1970215415511187,41.320547945205476,2022-11-21,26,5,1,2041.1288583302162,1.2025476328983657,2022-12-10-07-10-14,1.0046165345864086,0.024293910712003708,2022-12-05,-0.7704612622837107,5,1.0,34205,12,9,1981-08-06,AAPL
63947846be0915624e5212a3,1687.3918916267396,1.197021536629806,41.320547945205476,2022-11-21,26,5,1,1011.5112550514376,1.18228832120581,2022-12-10-07-12-42,0.9876917708051626,0.0,2022-12-05,-0.770461260660176,5,0.8649617433547974,34206,12,9,1981-08-06,AAPL
639478cbbe0915624e5212e9,1687.3921782827551,1.1970215415511187,41.320547945205476,2022-11-21,26,5,1,1116.2484473989691,1.1851108260368337,2022-12-10-07-15-02,0.9900497066252868,1.1920499801635742,2022-12-05,-0.770461260691266,5,1.0,34207,12,9,1981-08-06,AAPL
6394795cbe0915624e521336,1687.3920349547352,1.1970215390904624,41.320547945205476,2022-11-21,26,5,1,3558.990653889575,1.218837430694831,2022-12-10-07-17-17,1.0182251454062765,0.0,2022-12-05,-0.7704612606602363,5,0.0,34208,12,9,1981-08-06,AAPL
639479efbe0915624e521381,1687.3914616428992,1.1970215292478388,41.320547945205476,2022-11-21,26,5,1,2053.2959082199745,1.2027206109959234,2022-12-10-07-19-45,1.0047610520018515,2.360860824584961,2022-12-05,-0.7704612622837107,5,0.0,34209,12,9,1981-08-06,AAPL
