Date,Open,High,Low,Close,Volume
2023-04-25 04:00:06.531000-04:00,,,,160.5,1
2023-04-25 04:01:13.913000-04:00,,,,160.33,3
2023-04-25 04:02:15.584000-04:00,,,,159.96,10
2023-04-25 04:03:25.671000-04:00,,,,160.15,10
2023-04-25 04:04:25.232000-04:00,,,,160.24,30
2023-04-25 04:05:34.382000-04:00,,,,160.26,50
2023-04-25 04:06:34.281000-04:00,,,,160,1
2023-04-25 04:07:34.949000-04:00,,,,159.89,3
2023-04-25 04:08:34.557000-04:00,,,,159.88,50
2023-04-25 04:09:34.614000-04:00,,,,160,10
2023-04-25 04:10:35.366000-04:00,,,,159.87,66
2023-04-25 04:11:35.884000-04:00,,,,159.88,198
2023-04-25 04:12:35.008000-04:00,,,,160.02,1
2023-04-25 04:13:35.833000-04:00,,,,159.79,1
2023-04-25 04:14:34.911000-04:00,,,,159.7,67
2023-04-25 04:15:36.863000-04:00,,,,159.9,100
2023-04-25 04:16:44.171000-04:00,,,,159.79,2
2023-04-25 04:17:45.909000-04:00,,,,159.8,5
2023-04-25 04:18:46.345000-04:00,,,,159.68,1
2023-04-25 04:19:46.720000-04:00,,,,159.6,31
2023-04-25 04:20:56.070000-04:00,,,,159.5,100
2023-04-25 04:22:06.477000-04:00,,,,159.1,3
2023-04-25 04:23:06.423000-04:00,,,,159.3,1
2023-04-25 04:24:06.773000-04:00,,,,159.1,14
2023-04-25 04:25:15.973000-04:00,,,,159.22,100
2023-04-25 04:26:15.377000-04:00,,,,159.33,1
2023-04-25 04:27:15.619000-04:00,,,,159.49,1
2023-04-25 04:28:16.907000-04:00,,,,159.32,5
2023-04-25 04:29:23.957000-04:00,,,,159.33,8
2023-04-25 04:30:25.833000-04:00,,,,159.46,50
2023-04-25 04:31:27.053000-04:00,,,,159.41,50
2023-04-25 04:32:36.439000-04:00,,,,159.66,1
2023-04-25 04:33:46.933000-04:00,,,,159.76,50
2023-04-25 04:34:56.611000-04:00,,,,159.9,2
2023-04-25 04:35:57.765000-04:00,,,,159.85,5
2023-04-25 04:37:05.039000-04:00,,,,159.86,41
2023-04-25 04:38:06.670000-04:00,,,,159.84,10
2023-04-25 04:39:15.812000-04:00,,,,159.86,42
2023-04-25 04:40:17.240000-04:00,,,,159.89,24
2023-04-25 04:41:26.323000-04:00,,,,160.12,6
2023-04-25 04:42:26.337000-04:00,,,,159.94,1
2023-04-25 04:43:33.734000-04:00,,,,159.88,2
2023-04-25 04:44:45.785000-04:00,,,,159.9,1
2023-04-25 04:45:47.459000-04:00,,,,159.75,737
2023-04-25 04:46:57.952000-04:00,,,,159.88,1
2023-04-25 04:48:06.763000-04:00,,,,159.83,5
2023-04-25 04:49:16.248000-04:00,,,,159.85,7
2023-04-25 04:50:16.497000-04:00,,,,159.85,50
2023-04-25 04:51:28.188000-04:00,,,,159.88,5
2023-04-25 04:52:27.275000-04:00,,,,159.86,10
2023-04-25 04:53:33.727000-04:00,,,,159.8,10
2023-04-25 04:54:35.914000-04:00,,,,159.81,8
2023-04-25 04:55:37.298000-04:00,,,,159.94,30
2023-04-25 04:56:37.073000-04:00,,,,159.88,1
2023-04-25 04:57:43.519000-04:00,,,,159.98,47
2023-04-25 04:58:44.330000-04:00,,,,159.9,50
2023-04-25 04:59:57.694000-04:00,,,,159.85,1
2023-04-25 05:00:57.575000-04:00,,,,159.81,3
2023-04-25 05:01:57.806000-04:00,,,,159.59,1
2023-04-25 05:02:59.862000-04:00,,,,159.61,100
2023-04-25 05:04:08.711000-04:00,,,,159.66,48
2023-04-25 05:05:14.505000-04:00,,,,159.64,1
2023-04-25 05:06:19.503000-04:00,,,,159.67,1
2023-04-25 05:07:28.450000-04:00,,,,159.72,15
2023-04-25 05:08:30.429000-04:00,,,,159.7,25
2023-04-25 05:09:38.986000-04:00,,,,159.58,1
2023-04-25 05:10:38.544000-04:00,,,,159.55,67
2023-04-25 05:11:39.058000-04:00,,,,159.58,19
2023-04-25 05:12:39.918000-04:00,,,,159.65,1
2023-04-25 05:13:49.820000-04:00,,,,159.7,4
2023-04-25 05:15:00.384000-04:00,,,,159.58,12
2023-04-25 05:16:08.566000-04:00,,,,159.61,1
2023-04-25 05:17:20.685000-04:00,,,,159.7,1
2023-04-25 05:18:28.895000-04:00,,,,159.84,2
2023-04-25 05:19:38.637000-04:00,,,,159.84,50
2023-04-25 05:20:45.850000-04:00,,,,159.83,50
2023-04-25 05:21:59.451000-04:00,,,,159.8,50
2023-04-25 05:23:04.018000-04:00,,,,159.78,1
2023-04-25 05:24:10.651000-04:00,,,,159.79,49
2023-04-25 05:25:17.288000-04:00,,,,159.83,1
2023-04-25 05:26:28.997000-04:00,,,,159.79,8
2023-04-25 05:27:35.126000-04:00,,,,159.75,3
2023-04-25 05:28:36.417000-04:00,,,,159.7,1
2023-04-25 05:29:38.270000-04:00,,,,159.67,1
2023-04-25 05:30:45.496000-04:00,,,,159.68,2
2023-04-25 05:31:53.290000-04:00,,,,159.88,2
2023-04-25 05:32:57.728000-04:00,,,,159.8,190
2023-04-25 05:33:57.828000-04:00,,,,159.9,1
2023-04-25 05:35:10.261000-04:00,,,,159.8,36
2023-04-25 05:36:09.567000-04:00,,,,159.84,1
2023-04-25 05:37:18.411000-04:00,,,,159.71,15
2023-04-25 05:38:19.668000-04:00,,,,159.75,1
2023-04-25 05:39:20.154000-04:00,,,,159.85,1
2023-04-25 05:40:19.422000-04:00,,,,159.88,1
2023-04-25 05:41:20.548000-04:00,,,,159.74,26
2023-04-25 05:42:20.646000-04:00,,,,159.89,5
2023-04-25 05:43:28.049000-04:00,,,,159.85,100
2023-04-25 05:44:31.223000-04:00,,,,159.89,1
2023-04-25 05:45:30.473000-04:00,,,,159.89,16
2023-04-25 05:46:30.210000-04:00,,,,159.84,1
2023-04-25 05:47:31.445000-04:00,,,,159.95,5
2023-04-25 05:48:38.188000-04:00,,,,160.03,1
2023-04-25 05:49:39.774000-04:00,,,,160.22,50
2023-04-25 05:50:46.746000-04:00,,,,160.06,2
2023-04-25 05:51:54.833000-04:00,,,,159.96,1
2023-04-25 05:53:06.354000-04:00,,,,160,1
2023-04-25 05:54:11.335000-04:00,,,,159.99,3
2023-04-25 05:55:20.298000-04:00,,,,159.89,50
2023-04-25 05:56:32.457000-04:00,,,,159.95,1
2023-04-25 05:57:39.715000-04:00,,,,159.91,3
2023-04-25 05:58:49.601000-04:00,,,,159.96,1
2023-04-25 05:59:50.276000-04:00,,,,160.1,9
2023-04-25 06:00:51.550000-04:00,,,,160.02,50
2023-04-25 06:02:01.676000-04:00,,,,160.39,50
2023-04-25 06:03:11.557000-04:00,,,,160.35,8
2023-04-25 06:04:15.651000-04:00,,,,160.3,100
2023-04-25 06:05:21.396000-04:00,,,,160.39,2
2023-04-25 06:06:21.807000-04:00,,,,160.25,1
2023-04-25 06:07:20.883000-04:00,,,,160.25,8
2023-04-25 06:08:22.670000-04:00,,,,160.22,1
2023-04-25 06:09:22.431000-04:00,,,,160.14,30
2023-04-25 06:10:31.667000-04:00,,,,160.17,4
2023-04-25 06:11:33.090000-04:00,,,,160.13,1
2023-04-25 06:12:32.619000-04:00,,,,160.16,2
2023-04-25 06:13:42.788000-04:00,,,,160.18,2
2023-04-25 06:14:45.636000-04:00,,,,160.19,10
2023-04-25 06:15:51.680000-04:00,,,,160.21,4
2023-04-25 06:17:02.530000-04:00,,,,160.32,48
2023-04-25 06:18:02.927000-04:00,,,,160.2,1
2023-04-25 06:19:02.446000-04:00,,,,160.05,50
2023-04-25 06:20:08.313000-04:00,,,,160,150
2023-04-25 06:21:12.308000-04:00,,,,159.91,10
2023-04-25 06:22:12.021000-04:00,,,,159.94,2
2023-04-25 06:23:11.445000-04:00,,,,160.06,27
2023-04-25 06:24:32.321000-04:00,,,,160.03,2
2023-04-25 06:25:33.074000-04:00,,,,160,1
2023-04-25 06:26:33.276000-04:00,,,,159.96,1
2023-04-25 06:27:44.115000-04:00,,,,159.8,2
2023-04-25 06:28:43.582000-04:00,,,,159.72,4
2023-04-25 06:29:43.295000-04:00,,,,159.74,1
2023-04-25 06:30:51.940000-04:00,,,,159.74,1
2023-04-25 06:31:52.472000-04:00,,,,159.69,1
2023-04-25 06:32:53.474000-04:00,,,,159.58,73
2023-04-25 06:33:59.623000-04:00,,,,159.6,48
2023-04-25 06:35:02.085000-04:00,,,,159.6,2
2023-04-25 06:36:01.988000-04:00,,,,159.57,2
2023-04-25 06:37:02.669000-04:00,,,,159.66,13
2023-04-25 06:38:02.840000-04:00,,,,159.78,64
2023-04-25 06:39:14.309000-04:00,,,,159.82,30
2023-04-25 06:40:13.751000-04:00,,,,159.77,1
2023-04-25 06:41:24.822000-04:00,,,,159.82,1
2023-04-25 06:42:33.790000-04:00,,,,159.79,10
2023-04-25 06:43:54.484000-04:00,,,,159.78,2
2023-04-25 06:45:05.640000-04:00,,,,159.75,43
2023-04-25 06:46:06.340000-04:00,,,,159.8,1
2023-04-25 06:47:15.325000-04:00,,,,160.1,1
2023-04-25 06:48:22.144000-04:00,,,,160.2,75
2023-04-25 06:49:24.391000-04:00,,,,160.19,7
2023-04-25 06:50:26.644000-04:00,,,,160.31,26
2023-04-25 06:51:31.472000-04:00,,,,160.1,56
2023-04-25 06:52:33.691000-04:00,,,,160.11,5
2023-04-25 06:53:34.376000-04:00,,,,160.12,15
2023-04-25 06:54:35.138000-04:00,,,,160.16,41
2023-04-25 06:55:35.882000-04:00,,,,160.06,6
2023-04-25 06:56:35.830000-04:00,,,,159.93,50
2023-04-25 06:57:43.560000-04:00,,,,159.99,30
2023-04-25 06:58:52.970000-04:00,,,,159.98,50
2023-04-25 07:00:05.026000-04:00,,,,160.26,25
2023-04-25 07:01:06.864000-04:00,,,,160.48,50
2023-04-25 07:02:16.529000-04:00,,,,160.77,1
2023-04-25 07:03:23.574000-04:00,,,,160.74,200
2023-04-25 07:04:24.301000-04:00,,,,160.86,50
2023-04-25 07:05:25.419000-04:00,,,,160.88,10
2023-04-25 07:06:25.785000-04:00,,,,160.82,50
2023-04-25 07:07:27.168000-04:00,,,,160.76,130
2023-04-25 07:08:36.778000-04:00,,,,160.86,100
2023-04-25 07:09:37.295000-04:00,,,,160.83,59
2023-04-25 07:10:37.528000-04:00,,,,160.86,200
2023-04-25 07:11:37.728000-04:00,,,,160.88,45
2023-04-25 07:12:38.111000-04:00,,,,160.96,3
2023-04-25 07:13:47.116000-04:00,,,,161.15,1
2023-04-25 07:14:46.868000-04:00,,,,161.26,100
2023-04-25 07:16:35.385000-04:00,,,,161.1,3
2023-04-25 07:17:44.774000-04:00,,,,161.16,316
2023-04-25 07:18:45.450000-04:00,,,,161.15,5
2023-04-25 07:19:46.178000-04:00,,,,161.11,50
2023-04-25 07:20:52.170000-04:00,,,,161.06,19
2023-04-25 07:21:53.552000-04:00,,,,161.28,51
2023-04-25 07:22:55.847000-04:00,,,,160.79,20
2023-04-25 07:23:54.994000-04:00,,,,161.13,50
2023-04-25 07:24:55.576000-04:00,,,,161,450
2023-04-25 07:25:55.242000-04:00,,,,160.85,6
2023-04-25 07:26:59.154000-04:00,,,,160.86,1
2023-04-25 07:28:02.236000-04:00,,,,160.99,1
2023-04-25 07:29:05.514000-04:00,,,,160.94,22
2023-04-25 07:30:16.659000-04:00,,,,160.99,88
2023-04-25 07:31:16.135000-04:00,,,,160.9,50
2023-04-25 07:32:16.312000-04:00,,,,160.86,15
2023-04-25 07:33:16.251000-04:00,,,,160.86,50
2023-04-25 07:34:25.497000-04:00,,,,160.85,2
2023-04-25 07:35:34.180000-04:00,,,,160.88,1
2023-04-25 07:36:35.147000-04:00,,,,160.76,11
2023-04-25 07:37:35.597000-04:00,,,,160.78,10
2023-04-25 07:38:35.468000-04:00,,,,160.78,10
2023-04-25 07:39:36.205000-04:00,,,,160.73,2
2023-04-25 07:40:35.265000-04:00,,,,160.72,8
2023-04-25 07:41:46.327000-04:00,,,,160.68,20
2023-04-25 07:42:45.439000-04:00,,,,160.71,10
2023-04-25 07:43:56.761000-04:00,,,,160.7,50
2023-04-25 07:44:57.134000-04:00,,,,160.76,80
2023-04-25 07:45:56.236000-04:00,,,,160.75,1
2023-04-25 07:46:57.370000-04:00,,,,160.83,1
2023-04-25 07:48:07.346000-04:00,,,,160.82,35
2023-04-25 07:49:08.988000-04:00,,,,160.83,42
2023-04-25 07:50:16.997000-04:00,,,,160.74,94
2023-04-25 07:51:17.296000-04:00,,,,160.76,2
2023-04-25 07:52:27.492000-04:00,,,,160.82,3
2023-04-25 07:53:35.156000-04:00,,,,160.79,1
2023-04-25 07:54:45.997000-04:00,,,,160.77,3
2023-04-25 07:55:56.826000-04:00,,,,160.76,1
2023-04-25 07:57:06.816000-04:00,,,,160.85,300
2023-04-25 07:58:06.691000-04:00,,,,160.82,1
2023-04-25 07:59:15.719000-04:00,,,,160.87,50
2023-04-25 08:00:16.935000-04:00,,,,161,8
2023-04-25 08:01:17.161000-04:00,,,,160.85,2
2023-04-25 08:02:26.031000-04:00,,,,160.9376,25
2023-04-25 08:03:26.770000-04:00,,,,160.97,50
2023-04-25 08:04:34.569000-04:00,,,,160.98,1
2023-04-25 08:05:36.801000-04:00,,,,160.895,1
2023-04-25 08:06:47.408000-04:00,,,,160.82,1
2023-04-25 08:07:55.772000-04:00,,,,160.785,1
2023-04-25 08:08:58.208000-04:00,,,,160.75,3
2023-04-25 08:10:07.967000-04:00,,,,160.5,100
2023-04-25 08:11:07.699000-04:00,,,,160.55,375
2023-04-25 08:12:07.536000-04:00,,,,160.66,1
2023-04-25 08:13:06.620000-04:00,,,,160.68,100
2023-04-25 08:14:07.410000-04:00,,,,160.64,50
2023-04-25 08:15:17.747000-04:00,,,,160.77,1
2023-04-25 08:16:17.531000-04:00,,,,160.73,50
2023-04-25 08:17:17.086000-04:00,,,,160.68,1
2023-04-25 08:18:17.277000-04:00,,,,160.68,35
2023-04-25 08:19:18.137000-04:00,,,,160.72,1
2023-04-25 08:20:17.536000-04:00,,,,160.65,1
2023-04-25 08:21:18.761000-04:00,,,,160.72,25
2023-04-25 08:22:28.197000-04:00,,,,160.62,50
2023-04-25 08:23:27.705000-04:00,,,,160.55,13
2023-04-25 08:24:28.196000-04:00,,,,160.56,10
2023-04-25 08:25:27.301000-04:00,,,,160.54,1
2023-04-25 08:26:38.750000-04:00,,,,160.6,19
2023-04-25 08:27:38.560000-04:00,,,,160.6,1
2023-04-25 08:28:48.837000-04:00,,,,160.85,2
2023-04-25 08:29:48.013000-04:00,,,,160.705,1
2023-04-25 08:30:47.187000-04:00,,,,160.7,3
2023-04-25 08:31:47.211000-04:00,,,,160.67,4
2023-04-25 08:32:48.786000-04:00,,,,160.6,4
2023-04-25 08:33:48.043000-04:00,,,,160.65,40
2023-04-25 08:34:47.587000-04:00,,,,160.56,164
2023-04-25 08:35:47.947000-04:00,,,,160.64,15
2023-04-25 08:36:58.415000-04:00,,,,160.75,1
2023-04-25 08:38:06.916000-04:00,,,,160.67,5
2023-04-25 08:39:06.297000-04:00,,,,160.7,10
2023-04-25 08:40:07.866000-04:00,,,,160.69,1
2023-04-25 08:41:08.270000-04:00,,,,160.715,1
2023-04-25 08:42:10.078000-04:00,,,,160.7,20
2023-04-25 08:43:18.578000-04:00,,,,160.57,23
2023-04-25 08:44:19.342000-04:00,,,,160.48,50
2023-04-25 08:45:20.227000-04:00,,,,160.45,2
2023-04-25 08:46:19.422000-04:00,,,,160.34,10
2023-04-25 08:47:19.016000-04:00,,,,160.3,152
2023-04-25 08:48:28.829000-04:00,,,,160.32,1
2023-04-25 08:49:37.840000-04:00,,,,160.27,5
2023-04-25 08:50:37.560000-04:00,,,,160.3,100
2023-04-25 08:51:37.104000-04:00,,,,160.25,15
2023-04-25 08:52:38.267000-04:00,,,,160.19,30
2023-04-25 08:53:38.577000-04:00,,,,160.13,500
2023-04-25 08:54:39.530000-04:00,,,,159.97,9
2023-04-25 08:55:39.860000-04:00,,,,160,3
2023-04-25 08:56:40.189000-04:00,,,,160,1
2023-04-25 08:57:40.354000-04:00,,,,159.98,20
2023-04-25 08:58:39.569000-04:00,,,,160,3
2023-04-25 08:59:39.719000-04:00,,,,160,100
2023-04-25 09:00:40.268000-04:00,,,,160,20
2023-04-25 09:01:39.647000-04:00,,,,160,100
2023-04-25 09:02:39.576000-04:00,,,,159.98,1
2023-04-25 09:03:40.035000-04:00,,,,159.99,64
2023-04-25 09:04:39.997000-04:00,,,,159.9892,2
2023-04-25 09:05:39.576000-04:00,,,,159.96,30
2023-04-25 09:06:39.898000-04:00,,,,159.96,2
2023-04-25 09:07:39.791000-04:00,,,,159.96,1
2023-04-25 09:08:38.918000-04:00,,,,159.9794,3
2023-04-25 09:09:39.423000-04:00,,,,159.94,1
2023-04-25 09:10:39.746000-04:00,,,,159.94,50
2023-04-25 09:11:39.888000-04:00,,,,159.84,1
2023-04-25 09:12:50.324000-04:00,,,,159.82,1
2023-04-25 09:13:59.716000-04:00,,,,159.92,50
2023-04-25 09:15:00.278000-04:00,,,,159.94,50
2023-04-25 09:16:00.114000-04:00,,,,160,100
2023-04-25 09:16:59.795000-04:00,,,,159.975,1
2023-04-25 09:18:00.584000-04:00,,,,159.99,1
2023-04-25 09:19:01.025000-04:00,,,,159.96,5
2023-04-25 09:20:09.941000-04:00,,,,160,50
2023-04-25 09:21:10.747000-04:00,,,,159.98,50
2023-04-25 09:22:20.106000-04:00,,,,159.9897,1
2023-04-25 09:23:19.460000-04:00,,,,159.995,1
2023-04-25 09:24:20.501000-04:00,,,,159.995,1
2023-04-25 09:25:20.013000-04:00,,,,160.02,20
2023-04-25 09:26:30.003000-04:00,,,,160.1,5
2023-04-25 09:27:31.266000-04:00,,,,160.01,1
2023-04-25 09:28:30.784000-04:00,,,,159.82,100
2023-04-25 09:29:30.917000-04:00,,,,159.85,2
2023-04-25 09:30:30.694000-04:00,,,,159.45,50
2023-04-25 09:31:30.960000-04:00,,,,159.75,1
2023-04-25 09:32:31.242000-04:00,,,,160.65,57
2023-04-25 09:33:31.487000-04:00,,,,160.1285,10
2023-04-25 09:34:30.671000-04:00,,,,159.63,100
2023-04-25 09:35:29.908000-04:00,,,,158.99,50
2023-04-25 09:36:29.389000-04:00,,,,159.1,1
2023-04-25 09:37:29.293000-04:00,,,,158.97,1
2023-04-25 09:38:29.995000-04:00,,,,159.19,1
2023-04-25 09:39:30.613000-04:00,,,,159.5191,1
2023-04-25 09:40:29.631000-04:00,,,,160.5,100
2023-04-25 09:41:29.125000-04:00,,,,161.0494,15
2023-04-25 09:42:28.335000-04:00,,,,160.92,178
2023-04-25 09:43:28.533000-04:00,,,,160.95,4
2023-04-25 09:44:29.337000-04:00,,,,160.9856,200
2023-04-25 09:45:28.449000-04:00,,,,160.6,100
2023-04-25 09:46:27.925000-04:00,,,,159.75,1
2023-04-25 09:47:27.882000-04:00,,,,159.7664,300
2023-04-25 09:48:27.447000-04:00,,,,159.92,1
2023-04-25 09:49:26.923000-04:00,,,,159.54,1
2023-04-25 09:50:27.025000-04:00,,,,159.93,10
2023-04-25 09:51:26.874000-04:00,,,,159.915,1
2023-04-25 09:52:27.106000-04:00,,,,160.075,300
2023-04-25 09:53:26.484000-04:00,,,,160.63,100
2023-04-25 09:54:26.037000-04:00,,,,160.44,50
2023-04-25 09:55:25.132000-04:00,,,,160.4492,5
2023-04-25 09:56:24.408000-04:00,,,,160.27,100
2023-04-25 09:57:23.851000-04:00,,,,160,1
2023-04-25 09:58:24.386000-04:00,,,,160.31,10
2023-04-25 09:59:24.321000-04:00,,,,160.0053,100
2023-04-25 10:00:24.039000-04:00,,,,160.1747,200
2023-04-25 10:01:23.622000-04:00,,,,160.39,14
2023-04-25 10:02:24.067000-04:00,,,,160.39,100
2023-04-25 10:03:23.186000-04:00,,,,160.8,1
2023-04-25 10:04:22.551000-04:00,,,,160.63,1
2023-04-25 10:05:21.985000-04:00,,,,160.72,20
2023-04-25 10:06:22.155000-04:00,,,,160.645,25
2023-04-25 10:07:22.616000-04:00,,,,160.505,18
2023-04-25 10:08:21.772000-04:00,,,,160.2099,1000
2023-04-25 10:09:21.901000-04:00,,,,160.01,19
2023-04-25 10:10:21.422000-04:00,,,,160.57,1
2023-04-25 10:11:20.583000-04:00,,,,159.98,200
2023-04-25 10:12:20.480000-04:00,,,,159.84,1
2023-04-25 10:13:21.094000-04:00,,,,159.94,49
2023-04-25 10:14:20.850000-04:00,,,,160.63,1
2023-04-25 10:15:20.295000-04:00,,,,160.93,1
2023-04-25 10:16:19.711000-04:00,,,,161.84,100
2023-04-25 10:17:19.186000-04:00,,,,161.73,100
2023-04-25 10:18:19.746000-04:00,,,,161.85,1
2023-04-25 10:19:19.489000-04:00,,,,161.86,1
2023-04-25 10:20:19.590000-04:00,,,,161.7,1
2023-04-25 10:21:20.639000-04:00,,,,161.52,20
2023-04-25 10:22:20.675000-04:00,,,,161.23,138
2023-04-25 10:23:20.207000-04:00,,,,161.28,100
2023-04-25 10:24:19.796000-04:00,,,,161.67,25
2023-04-25 10:25:19.625000-04:00,,,,161.58,19
2023-04-25 10:26:20.107000-04:00,,,,161.69,3
2023-04-25 10:27:19.381000-04:00,,,,161.485,6
2023-04-25 10:28:18.785000-04:00,,,,161.395,500
2023-04-25 10:29:18.037000-04:00,,,,161.4624,100
2023-04-25 10:30:17.331000-04:00,,,,161.3513,30
2023-04-25 10:31:17.262000-04:00,,,,161.78,4
2023-04-25 10:32:16.469000-04:00,,,,162.0801,300
2023-04-25 10:33:16.390000-04:00,,,,161.33,1
2023-04-25 10:34:15.583000-04:00,,,,161.09,100
2023-04-25 10:35:16.058000-04:00,,,,160.97,992
2023-04-25 10:36:15.389000-04:00,,,,160.8601,200
2023-04-25 10:37:15.181000-04:00,,,,160.86,1
2023-04-25 10:38:15.560000-04:00,,,,160.8691,2000
2023-04-25 10:39:16.841000-04:00,,,,160.94,35
2023-04-25 10:40:16.907000-04:00,,,,160.7058,1300
2023-04-25 10:41:18.115000-04:00,,,,160.885,250
2023-04-25 10:42:18.053000-04:00,,,,160.88,2
2023-04-25 10:43:17.265000-04:00,,,,160.98,100
2023-04-25 10:44:17.778000-04:00,,,,160.9985,2
2023-04-25 10:45:17.227000-04:00,,,,160.93,169
2023-04-25 10:46:17.354000-04:00,,,,161.31,1
2023-04-25 10:47:16.451000-04:00,,,,161.69,7
2023-04-25 10:48:15.766000-04:00,,,,162.2,20
2023-04-25 10:49:16.444000-04:00,,,,162.375,15
2023-04-25 10:50:17.353000-04:00,,,,162.825,8
2023-04-25 10:51:17.423000-04:00,,,,162.67,1
2023-04-25 10:52:17.692000-04:00,,,,162.84,10
2023-04-25 10:53:17.097000-04:00,,,,162.8736,200
2023-04-25 10:54:17.855000-04:00,,,,162.63,100
2023-04-25 10:55:17.474000-04:00,,,,162.67,1
2023-04-25 10:56:16.815000-04:00,,,,162.5,24
2023-04-25 10:57:16.603000-04:00,,,,162.8,1
2023-04-25 10:58:16.910000-04:00,,,,162.9279,26
2023-04-25 10:59:17.749000-04:00,,,,162.7563,1
2023-04-25 11:00:17.940000-04:00,,,,163.07,9
2023-04-25 11:01:18.202000-04:00,,,,163.4,2
2023-04-25 11:02:18.066000-04:00,,,,163.3152,20
2023-04-25 11:03:17.094000-04:00,,,,163.37,30
2023-04-25 11:04:16.558000-04:00,,,,162.975,100
2023-04-25 11:05:17.255000-04:00,,,,162.73,425
2023-04-25 11:06:16.520000-04:00,,,,162.7195,20
2023-04-25 11:07:16.058000-04:00,,,,162.8433,1
2023-04-25 11:08:15.180000-04:00,,,,163.05,71
2023-04-25 11:09:14.562000-04:00,,,,163.02,20
2023-04-25 11:10:13.721000-04:00,,,,162.9854,50
2023-04-25 11:11:13.036000-04:00,,,,162.7402,60
2023-04-25 11:12:12.692000-04:00,,,,162.7472,50
2023-04-25 11:13:11.865000-04:00,,,,162.7201,5
2023-04-25 11:14:11.025000-04:00,,,,162.887,5
2023-04-25 11:15:11.067000-04:00,,,,162.425,100
2023-04-25 11:16:10.806000-04:00,,,,162.3899,1
2023-04-25 11:17:10.056000-04:00,,,,162.45,1
2023-04-25 11:18:09.879000-04:00,,,,162.15,400
2023-04-25 11:19:09.769000-04:00,,,,162.3,2
2023-04-25 11:20:08.807000-04:00,,,,162.43,100
2023-04-25 11:21:10.332000-04:00,,,,162.53,200
2023-04-25 11:22:10.544000-04:00,,,,162.2885,1
2023-04-25 11:23:10.161000-04:00,,,,162.52,29
2023-04-25 11:24:10.082000-04:00,,,,162.76,44
2023-04-25 11:25:09.554000-04:00,,,,162.9,30
2023-04-25 11:26:08.623000-04:00,,,,162.6584,25
2023-04-25 11:27:08.304000-04:00,,,,163.1,6
2023-04-25 11:28:07.525000-04:00,,,,163.1492,100
2023-04-25 11:29:06.846000-04:00,,,,163.07,100
2023-04-25 11:30:05.896000-04:00,,,,162.94,11
2023-04-25 11:31:05.752000-04:00,,,,162.84,29
2023-04-25 11:32:05.726000-04:00,,,,163.11,750
2023-04-25 11:33:04.740000-04:00,,,,163.26,100
2023-04-25 11:34:03.928000-04:00,,,,163.04,86
2023-04-25 11:35:03.057000-04:00,,,,162.812,38
2023-04-25 11:36:02.990000-04:00,,,,162.9,96
2023-04-25 11:37:03.207000-04:00,,,,162.61,1
2023-04-25 11:38:02.824000-04:00,,,,162.6507,8
2023-04-25 11:39:03.050000-04:00,,,,162.73,815
2023-04-25 11:40:04.359000-04:00,,,,162.77,20
2023-04-25 11:41:04.133000-04:00,,,,163.0088,1
2023-04-25 11:42:04.141000-04:00,,,,163.12,5
2023-04-25 11:43:03.635000-04:00,,,,163.11,147
2023-04-25 11:44:03.474000-04:00,,,,163.15,100
2023-04-25 11:45:02.866000-04:00,,,,163.225,1
2023-04-25 11:46:02.457000-04:00,,,,163.13,25
2023-04-25 11:47:01.622000-04:00,,,,163.125,1
2023-04-25 11:48:01.909000-04:00,,,,162.95,39
2023-04-25 11:49:02.408000-04:00,,,,163.04,100
2023-04-25 11:50:03.202000-04:00,,,,162.9099,200
2023-04-25 11:51:02.920000-04:00,,,,162.945,300
2023-04-25 11:52:02.409000-04:00,,,,162.5509,98
2023-04-25 11:53:02.206000-04:00,,,,162.42,16
2023-04-25 11:54:01.559000-04:00,,,,162.42,100
2023-04-25 11:55:02.093000-04:00,,,,162.4294,500
2023-04-25 11:56:01.832000-04:00,,,,162.53,200
2023-04-25 11:57:03.600000-04:00,,,,162.4485,1
2023-04-25 11:58:03.015000-04:00,,,,162.385,100
2023-04-25 11:59:03.208000-04:00,,,,162.2391,1
2023-04-25 12:00:02.895000-04:00,,,,162.5201,400
2023-04-25 12:01:02.137000-04:00,,,,162.3883,10
2023-04-25 12:02:01.807000-04:00,,,,162.2097,400
2023-04-25 12:03:02.687000-04:00,,,,162.3114,25
2023-04-25 12:04:03.868000-04:00,,,,162.51,7
2023-04-25 12:05:03.012000-04:00,,,,162.59,56
2023-04-25 12:06:02.124000-04:00,,,,162.87,1600
2023-04-25 12:07:01.736000-04:00,,,,162.9,100
2023-04-25 12:08:02.699000-04:00,,,,162.82,1200
2023-04-25 12:09:03.176000-04:00,,,,162.81,1
2023-04-25 12:10:02.220000-04:00,,,,163.0601,1500
2023-04-25 12:11:02.042000-04:00,,,,162.9053,200
2023-04-25 12:12:02.136000-04:00,,,,162.8815,8
2023-04-25 12:13:03.264000-04:00,,,,162.8465,200
2023-04-25 12:14:02.374000-04:00,,,,162.81,50
2023-04-25 12:15:01.675000-04:00,,,,162.74,90
2023-04-25 12:16:01.122000-04:00,,,,162.7701,50
2023-04-25 12:17:00.188000-04:00,,,,163.25,100
2023-04-25 12:17:59.197000-04:00,,,,163.302,100
2023-04-25 12:18:59.596000-04:00,,,,163.27,1
2023-04-25 12:19:59.071000-04:00,,,,163.23,91
2023-04-25 12:20:59.001000-04:00,,,,163.1792,15
2023-04-25 12:21:59.756000-04:00,,,,163.38,1
2023-04-25 12:22:58.897000-04:00,,,,163.2101,300
2023-04-25 12:23:58.392000-04:00,,,,163.2588,1
2023-04-25 12:24:57.615000-04:00,,,,163.16,400
2023-04-25 12:25:57.957000-04:00,,,,163.1,97
2023-04-25 12:26:58.905000-04:00,,,,162.98,10
2023-04-25 12:27:58.799000-04:00,,,,163.0094,49
2023-04-25 12:28:59.135000-04:00,,,,162.9452,100
2023-04-25 12:29:58.949000-04:00,,,,162.9287,25
2023-04-25 12:30:58.368000-04:00,,,,162.8283,2
2023-04-25 12:31:59.415000-04:00,,,,162.93,100
2023-04-25 12:32:59.173000-04:00,,,,162.98,33
2023-04-25 12:34:00.015000-04:00,,,,162.565,15
2023-04-25 12:34:59.318000-04:00,,,,162.5,1
2023-04-25 12:35:58.330000-04:00,,,,162.66,500
2023-04-25 12:36:58.118000-04:00,,,,162.685,110
2023-04-25 12:37:57.996000-04:00,,,,162.65,67
2023-04-25 12:38:58.195000-04:00,,,,162.7688,58
2023-04-25 12:39:58.024000-04:00,,,,162.69,100
2023-04-25 12:40:58.513000-04:00,,,,162.9814,200
2023-04-25 12:41:58.204000-04:00,,,,163.0697,1000
2023-04-25 12:42:58.361000-04:00,,,,162.99,75
2023-04-25 12:43:57.425000-04:00,,,,162.935,4
2023-04-25 12:44:57.692000-04:00,,,,162.92,100
2023-04-25 12:45:57.688000-04:00,,,,162.98,10
2023-04-25 12:46:58.755000-04:00,,,,162.88,2
2023-04-25 12:47:57.961000-04:00,,,,162.7,300
2023-04-25 12:48:57.665000-04:00,,,,162.75,61
2023-04-25 12:49:57.788000-04:00,,,,162.71,11
2023-04-25 12:50:58.792000-04:00,,,,162.65,6
2023-04-25 12:51:57.945000-04:00,,,,162.7499,2300
2023-04-25 12:52:57.301000-04:00,,,,162.47,16
2023-04-25 12:53:57.806000-04:00,,,,162.54,7
2023-04-25 12:54:58.215000-04:00,,,,162.53,500
2023-04-25 12:55:57.338000-04:00,,,,162.4007,250
2023-04-25 12:56:57.360000-04:00,,,,162.6543,1
2023-04-25 12:57:57.265000-04:00,,,,162.6975,100
2023-04-25 12:58:56.391000-04:00,,,,162.71,1
2023-04-25 12:59:57.065000-04:00,,,,162.9601,16
2023-04-25 13:00:57.951000-04:00,,,,162.9501,300
2023-04-25 13:01:57.893000-04:00,,,,162.9609,15
2023-04-25 13:02:57.887000-04:00,,,,163.03,11
2023-04-25 13:03:57.812000-04:00,,,,162.92,50
2023-04-25 13:04:57.762000-04:00,,,,162.8715,1
2023-04-25 13:05:57.841000-04:00,,,,163.11,400
2023-04-25 13:06:56.886000-04:00,,,,163.11,1
2023-04-25 13:07:57.699000-04:00,,,,162.9299,600
2023-04-25 13:08:57.101000-04:00,,,,162.93,100
2023-04-25 13:09:57.164000-04:00,,,,162.87,1
2023-04-25 13:10:57.543000-04:00,,,,163.1201,50
2023-04-25 13:11:58.118000-04:00,,,,163.0387,1
2023-04-25 13:12:58.192000-04:00,,,,162.98,25
2023-04-25 13:13:59.198000-04:00,,,,163.03,1
2023-04-25 13:14:58.644000-04:00,,,,162.7017,93
2023-04-25 13:15:58.080000-04:00,,,,162.4026,15
2023-04-25 13:16:58.588000-04:00,,,,162.3399,10
2023-04-25 13:17:58.397000-04:00,,,,162.035,1000
2023-04-25 13:18:58.443000-04:00,,,,162.32,600
2023-04-25 13:19:58.071000-04:00,,,,162.4818,15
2023-04-25 13:20:57.443000-04:00,,,,162.68,97
2023-04-25 13:21:56.644000-04:00,,,,162.74,621
2023-04-25 13:22:55.841000-04:00,,,,162.46,50
2023-04-25 13:23:55.950000-04:00,,,,162.458,1
2023-04-25 13:24:55.015000-04:00,,,,162.395,9
2023-04-25 13:25:54.617000-04:00,,,,162.52,100
2023-04-25 13:26:55.117000-04:00,,,,162.5388,3
2023-04-25 13:27:55.031000-04:00,,,,162.52,10
2023-04-25 13:28:54.871000-04:00,,,,162.55,1
2023-04-25 13:29:54.230000-04:00,,,,162.6615,12
2023-04-25 13:30:54.866000-04:00,,,,162.7282,1
2023-04-25 13:31:54.913000-04:00,,,,162.68,709
2023-04-25 13:32:54.174000-04:00,,,,162.4811,3
2023-04-25 13:33:53.381000-04:00,,,,162.62,100
2023-04-25 13:34:53.011000-04:00,,,,162.72,1
2023-04-25 13:35:52.416000-04:00,,,,162.7208,100
2023-04-25 13:36:51.454000-04:00,,,,162.8101,5
2023-04-25 13:37:51.601000-04:00,,,,162.88,6
2023-04-25 13:38:50.795000-04:00,,,,162.79,1
2023-04-25 13:39:49.910000-04:00,,,,162.65,30
2023-04-25 13:40:50.068000-04:00,,,,162.5669,200
2023-04-25 13:41:50.165000-04:00,,,,162.52,17
2023-04-25 13:42:50.371000-04:00,,,,162.61,2
2023-04-25 13:43:49.918000-04:00,,,,162.449,50
2023-04-25 13:44:49.750000-04:00,,,,162.5681,50
2023-04-25 13:45:48.806000-04:00,,,,162.6413,650
2023-04-25 13:46:48.148000-04:00,,,,162.6713,94
2023-04-25 13:47:47.327000-04:00,,,,162.4004,10
2023-04-25 13:48:47.815000-04:00,,,,162.3214,2
2023-04-25 13:49:47.871000-04:00,,,,162.4799,100
2023-04-25 13:50:47.311000-04:00,,,,162.3101,397
2023-04-25 13:51:46.554000-04:00,,,,162.255,700
2023-04-25 13:52:46.015000-04:00,,,,162.33,24
2023-04-25 13:53:46.929000-04:00,,,,162.54,28
2023-04-25 13:54:47.673000-04:00,,,,162.48,300
2023-04-25 13:55:47.325000-04:00,,,,162.43,224
2023-04-25 13:56:47.298000-04:00,,,,162.48,100
2023-04-25 13:57:46.678000-04:00,,,,162.57,100
2023-04-25 13:58:46.575000-04:00,,,,162.48,997
2023-04-25 13:59:46.043000-04:00,,,,162.46,1
2023-04-25 14:00:45.512000-04:00,,,,162.59,25
2023-04-25 14:01:46.263000-04:00,,,,162.5684,5
2023-04-25 14:02:45.753000-04:00,,,,162.4078,400
2023-04-25 14:03:46.290000-04:00,,,,162.296,1
2023-04-25 14:04:45.489000-04:00,,,,162.0702,100
2023-04-25 14:05:45.147000-04:00,,,,162.29,9
2023-04-25 14:06:44.291000-04:00,,,,162.1793,100
2023-04-25 14:07:44.538000-04:00,,,,162.115,100
2023-04-25 14:08:44.534000-04:00,,,,161.99,100
2023-04-25 14:09:45.183000-04:00,,,,161.8883,150
2023-04-25 14:10:44.486000-04:00,,,,161.85,100
2023-04-25 14:11:43.897000-04:00,,,,161.93,100
2023-04-25 14:12:44.027000-04:00,,,,161.6984,14
2023-04-25 14:13:43.434000-04:00,,,,161.7601,1800
2023-04-25 14:14:43.073000-04:00,,,,161.7,200
2023-04-25 14:15:43.174000-04:00,,,,161.7315,100
2023-04-25 14:16:42.454000-04:00,,,,161.82,50
2023-04-25 14:17:43.019000-04:00,,,,161.6469,31
2023-04-25 14:18:42.867000-04:00,,,,161.497,300
2023-04-25 14:19:41.936000-04:00,,,,161.415,15
2023-04-25 14:20:41.109000-04:00,,,,161.46,1
2023-04-25 14:21:42.176000-04:00,,,,161.34,4
2023-04-25 14:22:41.353000-04:00,,,,161.22,188
2023-04-25 14:23:42.296000-04:00,,,,161.34,1
2023-04-25 14:24:42.226000-04:00,,,,161.239,2
2023-04-25 14:25:41.364000-04:00,,,,161.4401,281
2023-04-25 14:26:41.002000-04:00,,,,161.3518,8
2023-04-25 14:27:40.593000-04:00,,,,161.4499,5
2023-04-25 14:28:39.764000-04:00,,,,161.55,100
2023-04-25 14:29:39.722000-04:00,,,,161.6297,5
2023-04-25 14:30:40.699000-04:00,,,,161.7615,1
2023-04-25 14:31:40.492000-04:00,,,,161.77,100
2023-04-25 14:32:40.986000-04:00,,,,161.658,43
2023-04-25 14:33:41.215000-04:00,,,,161.76,1
2023-04-25 14:34:41.868000-04:00,,,,161.66,100
2023-04-25 14:35:41.789000-04:00,,,,161.6908,2
2023-04-25 14:36:41.567000-04:00,,,,161.77,25
2023-04-25 14:37:40.604000-04:00,,,,161.71,100
2023-04-25 14:38:40.224000-04:00,,,,162.09,25
2023-04-25 14:39:39.563000-04:00,,,,162.0801,450
2023-04-25 14:40:38.895000-04:00,,,,161.94,100
2023-04-25 14:41:38.872000-04:00,,,,161.89,94
2023-04-25 14:42:39.407000-04:00,,,,161.83,100
2023-04-25 14:43:39.560000-04:00,,,,161.84,1
2023-04-25 14:44:38.837000-04:00,,,,161.8013,10
2023-04-25 14:45:38.979000-04:00,,,,161.7701,200
2023-04-25 14:46:38.570000-04:00,,,,161.8501,20
2023-04-25 14:47:37.804000-04:00,,,,161.9089,500
2023-04-25 14:48:37.807000-04:00,,,,161.94,49
2023-04-25 14:49:37.262000-04:00,,,,162.14,376
2023-04-25 14:50:36.797000-04:00,,,,162.3399,100
2023-04-25 14:51:38.113000-04:00,,,,162.17,100
2023-04-25 14:52:38.321000-04:00,,,,162.1701,626
2023-04-25 14:53:37.353000-04:00,,,,162.0874,1
2023-04-25 14:54:36.377000-04:00,,,,162.15,10
2023-04-25 14:55:35.725000-04:00,,,,162.19,225
2023-04-25 14:56:35.111000-04:00,,,,162.27,100
2023-04-25 14:57:35.048000-04:00,,,,162.265,50
2023-04-25 14:58:35.363000-04:00,,,,162.25,1
2023-04-25 14:59:34.656000-04:00,,,,162.11,100
2023-04-25 15:00:33.979000-04:00,,,,162.1233,50
2023-04-25 15:01:34.399000-04:00,,,,162.3101,420
2023-04-25 15:02:33.942000-04:00,,,,162.5016,100
2023-04-25 15:03:34.303000-04:00,,,,162.5,236
2023-04-25 15:04:33.328000-04:00,,,,162.32,10
2023-04-25 15:05:33.444000-04:00,,,,162.28,27
2023-04-25 15:06:32.672000-04:00,,,,162.34,100
2023-04-25 15:07:31.747000-04:00,,,,162.41,166
2023-04-25 15:08:31.517000-04:00,,,,162.46,1000
2023-04-25 15:09:30.794000-04:00,,,,162.31,20
2023-04-25 15:10:31.677000-04:00,,,,162.29,100
2023-04-25 15:11:33.027000-04:00,,,,162.3892,100
2023-04-25 15:12:32.751000-04:00,,,,162.1924,200
2023-04-25 15:13:32.126000-04:00,,,,162.05,100
2023-04-25 15:14:31.818000-04:00,,,,162.04,100
2023-04-25 15:15:32.187000-04:00,,,,162.12,500
2023-04-25 15:16:32.774000-04:00,,,,162.125,1
2023-04-25 15:17:32.394000-04:00,,,,162.1101,50
2023-04-25 15:18:33.740000-04:00,,,,162.1099,500
2023-04-25 15:19:33.643000-04:00,,,,162.0389,600
2023-04-25 15:20:33.198000-04:00,,,,162.1909,10
2023-04-25 15:21:33.104000-04:00,,,,162.2988,1
2023-04-25 15:22:33.715000-04:00,,,,162.2,48
2023-04-25 15:23:34.184000-04:00,,,,162.13,1
2023-04-25 15:24:34.573000-04:00,,,,162.04,37
2023-04-25 15:25:34.155000-04:00,,,,161.9,1
2023-04-25 15:26:33.770000-04:00,,,,161.938,1
2023-04-25 15:27:33.271000-04:00,,,,161.635,100
2023-04-25 15:28:33.173000-04:00,,,,161.58,1
2023-04-25 15:29:34.070000-04:00,,,,161.58,5
2023-04-25 15:30:34.149000-04:00,,,,161.5882,1
2023-04-25 15:31:34.277000-04:00,,,,161.73,12
2023-04-25 15:32:35.161000-04:00,,,,161.74,38
2023-04-25 15:33:35.817000-04:00,,,,161.61,1
2023-04-25 15:34:34.948000-04:00,,,,161.62,50
2023-04-25 15:35:34.234000-04:00,,,,161.59,100
2023-04-25 15:36:33.792000-04:00,,,,161.61,165
2023-04-25 15:37:34.011000-04:00,,,,161.56,100
2023-04-25 15:38:33.451000-04:00,,,,161.61,1
2023-04-25 15:39:33.615000-04:00,,,,161.58,62
2023-04-25 15:40:33.766000-04:00,,,,161.65,6
2023-04-25 15:41:34.557000-04:00,,,,161.4563,25
2023-04-25 15:42:34.061000-04:00,,,,161.43,50
2023-04-25 15:43:33.837000-04:00,,,,161.32,13
2023-04-25 15:44:33.861000-04:00,,,,161.1,10
2023-04-25 15:45:33.494000-04:00,,,,161.35,100
2023-04-25 15:46:33.832000-04:00,,,,161.28,95
2023-04-25 15:47:34.455000-04:00,,,,161.3616,450
2023-04-25 15:48:33.908000-04:00,,,,161.3,200
2023-04-25 15:49:33.182000-04:00,,,,161.21,14
2023-04-25 15:50:32.550000-04:00,,,,161.1565,155
2023-04-25 15:51:33.699000-04:00,,,,161.1392,1
2023-04-25 15:52:32.893000-04:00,,,,161.06,197
2023-04-25 15:53:32.091000-04:00,,,,160.885,100
2023-04-25 15:54:32.704000-04:00,,,,160.91,1
2023-04-25 15:55:32.607000-04:00,,,,160.86,47
2023-04-25 15:56:31.926000-04:00,,,,160.85,4
2023-04-25 15:57:31.478000-04:00,,,,160.79,30
2023-04-25 15:58:30.802000-04:00,,,,160.79,278
2023-04-25 15:59:29.873000-04:00,,,,160.52,1
2023-04-25 16:00:29.454000-04:00,,,,160.77,100
2023-04-25 16:01:28.723000-04:00,,,,161.02,75
2023-04-25 16:02:29.433000-04:00,,,,161.45,389
2023-04-25 16:03:38.316000-04:00,,,,161,10
2023-04-25 16:04:38.306000-04:00,,,,161.01,15
2023-04-25 16:05:39.950000-04:00,,,,160.79,80
2023-04-25 16:06:39.175000-04:00,,,,160.8,5
2023-04-25 16:07:40.202000-04:00,,,,161.2,20
2023-04-25 16:08:39.986000-04:00,,,,161.2,130
2023-04-25 16:09:48.226000-04:00,,,,161.135,1
2023-04-25 16:10:50.037000-04:00,,,,161,3
2023-04-25 16:11:49.819000-04:00,,,,160.97,50
2023-04-25 16:12:48.941000-04:00,,,,161.11,1
2023-04-25 16:13:49.285000-04:00,,,,160.992,50
2023-04-25 16:14:49.317000-04:00,,,,160.75,3
2023-04-25 16:15:50.097000-04:00,,,,160.89,10
2023-04-25 16:16:59.279000-04:00,,,,160.88,200
2023-04-25 16:17:59.828000-04:00,,,,160.93,40
2023-04-25 16:19:00.381000-04:00,,,,160.915,1
2023-04-25 16:20:10.125000-04:00,,,,160.91,16
2023-04-25 16:21:18.068000-04:00,,,,160.949,2
2023-04-25 16:22:20.327000-04:00,,,,160.925,1
2023-04-25 16:23:20.032000-04:00,,,,160.86,5
2023-04-25 16:24:19.547000-04:00,,,,160.88,5
2023-04-25 16:25:20.518000-04:00,,,,160.7989,5
2023-04-25 16:26:21.194000-04:00,,,,160.765,1
2023-04-25 16:27:30.541000-04:00,,,,160.74,3
2023-04-25 16:28:30.785000-04:00,,,,160.895,1
2023-04-25 16:29:31.107000-04:00,,,,160.9191,15
2023-04-25 16:30:40.418000-04:00,,,,160.95,3
2023-04-25 16:31:49.944000-04:00,,,,160.95,5
2023-04-25 16:32:49.456000-04:00,,,,161.08,50
2023-04-25 16:33:49.656000-04:00,,,,161.04,3
2023-04-25 16:34:50.638000-04:00,,,,161.15,4
2023-04-25 16:35:50.449000-04:00,,,,161.2,270
2023-04-25 16:36:56.801000-04:00,,,,161.17,1
2023-04-25 16:37:57.676000-04:00,,,,161.24,100
2023-04-25 16:38:58.699000-04:00,,,,161.34,1
2023-04-25 16:39:59.194000-04:00,,,,161.67,26
2023-04-25 16:41:01.301000-04:00,,,,161.8,2
2023-04-25 16:42:10.456000-04:00,,,,161.67,2
2023-04-25 16:43:11.367000-04:00,,,,161.69,1
2023-04-25 16:44:16.072000-04:00,,,,161.71,52
2023-04-25 16:45:19.355000-04:00,,,,161.72,2
2023-04-25 16:46:21.404000-04:00,,,,161.72,10
2023-04-25 16:47:30.930000-04:00,,,,161.72,70
2023-04-25 16:48:31.350000-04:00,,,,161.72,1
2023-04-25 16:49:31.556000-04:00,,,,161.6704,100
2023-04-25 16:50:39.634000-04:00,,,,161.7,100
2023-04-25 16:51:39.517000-04:00,,,,161.7182,100
2023-04-25 16:52:50.782000-04:00,,,,161.71,10
2023-04-25 16:53:59.969000-04:00,,,,161.78,1
2023-04-25 16:54:59.978000-04:00,,,,162,100
2023-04-25 16:56:01.580000-04:00,,,,161.99,56
2023-04-25 16:57:09.620000-04:00,,,,162.04,1
2023-04-25 16:58:11.249000-04:00,,,,162.03,1
2023-04-25 16:59:21.463000-04:00,,,,162.05,94
2023-04-25 17:00:21.946000-04:00,,,,162.1292,2
2023-04-25 17:01:21.350000-04:00,,,,162.15,5
2023-04-25 17:02:31.351000-04:00,,,,162.2,10
2023-04-25 17:03:31.187000-04:00,,,,162.1616,1
2023-04-25 17:04:30.678000-04:00,,,,162.35,100
2023-04-25 17:05:32.087000-04:00,,,,162.49,100
2023-04-25 17:06:31.359000-04:00,,,,162.28,5
2023-04-25 17:07:31.173000-04:00,,,,162.35,2
2023-04-25 17:08:31.717000-04:00,,,,162.39,120
2023-04-25 17:09:30.934000-04:00,,,,162.3515,10
2023-04-25 17:10:32.155000-04:00,,,,162.35,1
2023-04-25 17:11:38.411000-04:00,,,,162.25,450
2023-04-25 17:12:42.692000-04:00,,,,162.195,1
2023-04-25 17:13:52.105000-04:00,,,,162.24,1
2023-04-25 17:15:02.271000-04:00,,,,162.2715,117
2023-04-25 17:16:09.801000-04:00,,,,162.35,2
2023-04-25 17:17:12.340000-04:00,,,,162.42,20
2023-04-25 17:18:22.880000-04:00,,,,162.37,1
2023-04-25 17:19:22.695000-04:00,,,,162.37,1
2023-04-25 17:20:31.161000-04:00,,,,162.4,1
2023-04-25 17:21:32.007000-04:00,,,,162.38,1
2023-04-25 17:22:32.777000-04:00,,,,162.36,3
2023-04-25 17:23:40.231000-04:00,,,,162.39,1
2023-04-25 17:24:42.378000-04:00,,,,162.375,1
2023-04-25 17:25:52.690000-04:00,,,,162.36,452
2023-04-25 17:26:59.976000-04:00,,,,162.25,21
2023-04-25 17:28:02.565000-04:00,,,,162.31,1
2023-04-25 17:29:02.122000-04:00,,,,162.32,2
2023-04-25 17:30:01.648000-04:00,,,,162.35,1
2023-04-25 17:31:02.878000-04:00,,,,162.39,10
2023-04-25 17:32:06.408000-04:00,,,,162.3207,5
2023-04-25 17:33:12.180000-04:00,,,,162.3,2
2023-04-25 17:34:12.058000-04:00,,,,162.32,2
2023-04-25 17:35:12.300000-04:00,,,,162.28,2
2023-04-25 17:36:11.924000-04:00,,,,162.25,1
2023-04-25 17:37:18.079000-04:00,,,,162.22,65
2023-04-25 17:38:22.007000-04:00,,,,162.22,125
2023-04-25 17:39:22.825000-04:00,,,,162.22,49
2023-04-25 17:40:22.167000-04:00,,,,162.225,1
2023-04-25 17:41:21.622000-04:00,,,,162.18,3
2023-04-25 17:42:23.038000-04:00,,,,162.15,10
2023-04-25 17:43:22.075000-04:00,,,,162.11,300
2023-04-25 17:44:21.954000-04:00,,,,162.15,123
2023-04-25 17:45:23.012000-04:00,,,,162.24,303
2023-04-25 17:46:22.472000-04:00,,,,162.3,1
2023-04-25 17:47:21.945000-04:00,,,,162.26,12
2023-04-25 17:48:22.392000-04:00,,,,162.26,100
2023-04-25 17:49:31.014000-04:00,,,,162.2,5
2023-04-25 17:50:31.567000-04:00,,,,162.22,30
2023-04-25 17:51:30.970000-04:00,,,,162.21,50
2023-04-25 17:52:32.249000-04:00,,,,162.29,100
2023-04-25 17:53:42.332000-04:00,,,,162.19,24
2023-04-25 17:54:42.063000-04:00,,,,162.22,6
2023-04-25 17:55:42.060000-04:00,,,,162.24,240
2023-04-25 17:56:43.484000-04:00,,,,160.04,1
2023-04-25 17:57:43.274000-04:00,,,,162.3588,1
2023-04-25 17:58:43.521000-04:00,,,,162.155,1
2023-04-25 17:59:43.372000-04:00,,,,162.15,3
2023-04-25 18:00:53.572000-04:00,,,,162.05,217
2023-04-25 18:02:03.592000-04:00,,,,162.13,1
2023-04-25 18:03:04.575000-04:00,,,,162.03,8
2023-04-25 18:04:08.895000-04:00,,,,162.2,40
2023-04-25 18:05:13.463000-04:00,,,,162.11,1
2023-04-25 18:06:23.596000-04:00,,,,162.145,1
2023-04-25 18:07:23.293000-04:00,,,,162.165,1
2023-04-25 18:08:24.683000-04:00,,,,162.25,46
2023-04-25 18:09:32.783000-04:00,,,,162.34,7
2023-04-25 18:10:32.632000-04:00,,,,162.35,9
2023-04-25 18:11:33.735000-04:00,,,,162.35,13
2023-04-25 18:12:34.461000-04:00,,,,162.4,100
2023-04-25 18:13:34.503000-04:00,,,,162.48,200
2023-04-25 18:14:43.106000-04:00,,,,162.54,99
2023-04-25 18:15:43.651000-04:00,,,,162.5999,42
2023-04-25 18:16:43.391000-04:00,,,,162.59,90
2023-04-25 18:17:43.652000-04:00,,,,162.53,77
2023-04-25 18:18:53.968000-04:00,,,,162.6,38
2023-04-25 18:19:54.023000-04:00,,,,162.65,500
2023-04-25 18:20:54.463000-04:00,,,,162.67,1
2023-04-25 18:21:54.334000-04:00,,,,162.765,1
2023-04-25 18:22:54.025000-04:00,,,,162.8,1
2023-04-25 18:23:55.600000-04:00,,,,162.7,21
2023-04-25 18:24:56.099000-04:00,,,,162.62,1
2023-04-25 18:25:55.579000-04:00,,,,162.6,4
2023-04-25 18:27:05.737000-04:00,,,,162.55,1
2023-04-25 18:28:06.113000-04:00,,,,162.55,9
2023-04-25 18:29:06.494000-04:00,,,,162.6,2
2023-04-25 18:30:15.490000-04:00,,,,162.59,1
2023-04-25 18:31:14.699000-04:00,,,,162.64,1
2023-04-25 18:32:26.214000-04:00,,,,162.59,50
2023-04-25 18:33:35.092000-04:00,,,,162.42,91
2023-04-25 18:34:35.277000-04:00,,,,162.39,10
2023-04-25 18:35:36.443000-04:00,,,,162.41,3
2023-04-25 18:36:35.047000-04:00,,,,162.52,10
2023-04-25 18:37:35.217000-04:00,,,,162.5503,1
2023-04-25 18:38:35.709000-04:00,,,,162.42,99
2023-04-25 18:39:42.921000-04:00,,,,162.5,10
2023-04-25 18:40:43.043000-04:00,,,,162.46,2
2023-04-25 18:41:45.784000-04:00,,,,162.44,35
2023-04-25 18:42:45.107000-04:00,,,,162.51,43
2023-04-25 18:43:55.328000-04:00,,,,162.64,200
2023-04-25 18:44:55.725000-04:00,,,,162.59,394
2023-04-25 18:45:55.507000-04:00,,,,162.58,7
2023-04-25 18:46:55.293000-04:00,,,,162.55,1
2023-04-25 18:47:56.251000-04:00,,,,162.6,1
2023-04-25 18:49:05.245000-04:00,,,,162.54,4
2023-04-25 18:50:04.773000-04:00,,,,162.52,1
2023-04-25 18:51:04.694000-04:00,,,,162.53,12
2023-04-25 18:52:05.526000-04:00,,,,162.43,3
2023-04-25 18:53:06.222000-04:00,,,,162.45,500
2023-04-25 18:54:06.074000-04:00,,,,162.42,3
2023-04-25 18:55:06.326000-04:00,,,,162.46,300
2023-04-25 18:56:16.297000-04:00,,,,162.48,2
2023-04-25 18:57:25.739000-04:00,,,,162.48,10
2023-04-25 18:58:35.837000-04:00,,,,162.48,5
2023-04-25 18:59:36.963000-04:00,,,,162.46,1
2023-04-25 19:00:36.120000-04:00,,,,162.46,6
2023-04-25 19:01:36.773000-04:00,,,,162.455,1
2023-04-25 19:02:46.178000-04:00,,,,162.4,19
2023-04-25 19:03:45.850000-04:00,,,,162.42,90
2023-04-25 19:04:45.574000-04:00,,,,162.365,1
2023-04-25 19:05:44.593000-04:00,,,,162.13,58
2023-04-25 19:06:44.814000-04:00,,,,162.1,5
2023-04-25 19:07:45.331000-04:00,,,,161.9,19
2023-04-25 19:08:55.865000-04:00,,,,162.1,2
2023-04-25 19:09:55.621000-04:00,,,,161.85,50
2023-04-25 19:10:56.990000-04:00,,,,161.9,92
2023-04-25 19:12:07.551000-04:00,,,,161.98,40
2023-04-25 19:13:07.995000-04:00,,,,161.75,30
2023-04-25 19:14:14.471000-04:00,,,,161.74,100
2023-04-25 19:15:16.479000-04:00,,,,161.25,2
2023-04-25 19:16:26.564000-04:00,,,,161.12,757
2023-04-25 19:17:27.526000-04:00,,,,161.15,200
2023-04-25 19:18:27.440000-04:00,,,,161.34,1
2023-04-25 19:19:27.070000-04:00,,,,161.24,1
2023-04-25 19:20:27.967000-04:00,,,,161,4
2023-04-25 19:21:28.530000-04:00,,,,161.25,33
2023-04-25 19:22:37.044000-04:00,,,,161.14,5
2023-04-25 19:23:36.770000-04:00,,,,161.11,10
2023-04-25 19:24:36.966000-04:00,,,,161.235,1
2023-04-25 19:25:42.767000-04:00,,,,161.25,27
2023-04-25 19:26:45.739000-04:00,,,,161.28,1
2023-04-25 19:27:46.042000-04:00,,,,161.4,1
2023-04-25 19:28:46.538000-04:00,,,,161.4,58
2023-04-25 19:29:57.796000-04:00,,,,161.395,1
2023-04-25 19:31:05.666000-04:00,,,,161.42,5
2023-04-25 19:32:06.449000-04:00,,,,161.3,1
2023-04-25 19:33:18.304000-04:00,,,,161.34,5
2023-04-25 19:34:27.628000-04:00,,,,161.39,1
2023-04-25 19:35:27.394000-04:00,,,,161.39,70
2023-04-25 19:36:26.933000-04:00,,,,161.57,13
2023-04-25 19:37:26.643000-04:00,,,,161.6,132
2023-04-25 19:38:38.628000-04:00,,,,161.49,1
2023-04-25 19:39:37.853000-04:00,,,,161.5,1
2023-04-25 19:40:38.074000-04:00,,,,161.45,2
2023-04-25 19:41:37.388000-04:00,,,,161.5,2
2023-04-25 19:42:37.752000-04:00,,,,161.7,66
2023-04-25 19:43:38.507000-04:00,,,,161.72,1
2023-04-25 19:44:38.002000-04:00,,,,161.6,2
2023-04-25 19:45:48.571000-04:00,,,,161.74,6
2023-04-25 19:46:47.882000-04:00,,,,161.69,50
2023-04-25 19:47:49.106000-04:00,,,,161.79,60
2023-04-25 19:48:48.992000-04:00,,,,161.8,1
2023-04-25 19:49:52.054000-04:00,,,,161.81,2
2023-04-25 19:50:58.934000-04:00,,,,161.78,50
2023-04-25 19:52:08.967000-04:00,,,,161.6,50
2023-04-25 19:53:09.443000-04:00,,,,161.6,3
2023-04-25 19:54:09.037000-04:00,,,,161.76,524
2023-04-25 19:55:09.808000-04:00,,,,161.76,10
2023-04-25 19:56:09.226000-04:00,,,,161.7795,2
2023-04-25 19:57:16.959000-04:00,,,,161.72,10
2023-04-25 19:58:17.771000-04:00,,,,161.7,1
2023-04-25 19:59:19.567000-04:00,,,,161.65,1
